SKU,DESCRIPTION,WEIGHT,FAMILY
0061171,Agricat 20Kg,20.0000,06MARCAPRO
0106035,Agridog Puppy 20Kg,20.0000,06MARCAPRO
02135041,ALIM.S.CAO PRO RACA PEQ. 3K,3.0000,06MARCAPRO
0213874,Pura Spec Cão Júnior 3Kg,3.0000,06MARCAPRO
0213875,Pura Spec Cão Júnior 15Kg,15.0000,06MARCAPRO
0213876,Pura Spec Cão Ad Borrego 3Kg,3.0000,06MARCAPRO
0213877,Pura Spec Cão Ad Borrego 15Kg,15.0000,06MARCAPRO
0213878,Pura Spec Cão Ad Salmão 3Kg,3.0000,06MARCAPRO
0213879,Pura Spec Cão Ad Salmão 15Kg,15.0000,06MARCAPRO
021388,Pura Spec Cão Ad Frango 3Kg,3.0000,06MARCAPRO
0213880,Pura Spec Cão Ad Frango 3Kg,3.0000,06MARCAPRO
0213881,Pura Spec Cão Ad Frango 15Kg,15.0000,06MARCAPRO
0213882,Pura Spec Cão Adulto Mini 2Kg,2.0000,06MARCAPRO
0213883,Pura Spec Cão Ad Alta Energia 15Kg,15.0000,06MARCAPRO
0213888,Pura Spec Gato Adulto 1.5Kg,1.5000,06MARCAPRO
0213889,Pura Spec Gato Adulto 10Kg,10.0000,06MARCAPRO
0213890,Pura Spec Gato Esterilizado 1.5Kg,1.5000,06MARCAPRO
0213891,Pura Spec Gato Esterilizado 10Kg,10.0000,06MARCAPRO
0214168,Pura Spec Cão Ad Raças Grandes 15Kg,15.0000,06MARCAPRO
0214169,Pura Spec Cão Júnior Raças Grandes 15Kg,15.0000,06MARCAPRO
0214170,Pura Spec Cão Sénior 15Kg,15.0000,06MARCAPRO
0214171,Pura Spec Gatinhos 1.5Kg,1.5000,06MARCAPRO
0214172,Pura Spec Gato Sénior 1.5Kg,1.5000,06MARCAPRO
0258255,Pura Spec Cão Adulto Mini 7Kg,7.0000,06MARCAPRO
0270218,Pura Spec Gatinhos 10Kg,10.0000,06MARCAPRO
0282700,"MIKA GATINHOS 1,5KG",1.5000,06MARCAPRO
0282703,MIKA CÃO JÚNIOR 4KG,4.0000,06MARCAPRO
0282704,MIKA CÃO ADULTO 4KG,4.0000,06MARCAPRO
0282705,MIKA CÃO ADULTO 10KG,10.0000,06MARCAPRO
0282709,MIKA GATO ADULTO SEM COR 2KG,2.0000,06MARCAPRO
0282710,MIKA GATO ADULTO SC 4KG,4.0000,06MARCAPRO
0282711,MIKA GATO ADULTO SEM COR 10KG,10.0000,06MARCAPRO
0282712,MIKA CÃO ADULTO 18KG,18.0000,06MARCAPRO
0282713,MIKA ALTA ENERGIA 18KG,18.0000,06MARCAPRO
0282714,MIKA RAÇAS PEQUENAS 4KG,4.0000,06MARCAPRO
0294622,Pura Spec Cão Adulto Light 15Kg,15.0000,06MARCAPRO
03930S10,Patudini Cachorro 10kg,10.0000,06MARCAPRO
03931S18,Patudini Cão Adulto 18kg,18.0000,06MARCAPRO
03932S15,Patudini Cão Alta Energia 15kg,15.0000,06MARCAPRO
03933P03,Patudini Gato 3kg,3.0000,06MARCAPRO
03933S15,Patudini Gato 15kg,15.0000,06MARCAPRO
11925,Petuga Cão Adulto 3kg,3.0000,06MARCAPRO
11972,Petuga Cão Adulto 12kg,12.0000,06MARCAPRO
11975,Petuga Júnior 3kg,3.0000,06MARCAPRO
11976,Petuga Junior 12Kg,12.0000,06MARCAPRO
11977,Petuga Mini-Cão Adulto 3kg,3.0000,06MARCAPRO
11978,"Petuga Gato 1,5kg",1.5000,06MARCAPRO
11979,"Petuga Gato Esterilizado 1,5kg",1.5000,06MARCAPRO
1470955,ALIM.S.CAO ATIVID. INTENSA 4K,4.0000,06MARCAPRO
1470966,ALIM.S.CAO ATIVID. INTENSA 10K,10.0000,06MARCAPRO
1470992,ALIM.S.CAO PRO RACA PEQ. 3K,3.0000,06MARCAPRO
1471006,ALIM.S.CAO PRO JUNIOR 3K,3.0000,06MARCAPRO
1471010,ALIM.S.CAO PRO ADULTO 4K,4.0000,06MARCAPRO
1665366,PorSi Alimento Cão Adulto Mix 20Kg,20.0000,06MARCAPRO
1665370,PorSi Alimento Cão Adulto Mix 10Kg,10.0000,06MARCAPRO
1665381,PorSi Alimento Cão Adulto Mix 4Kg,4.0000,06MARCAPRO
1836921,PorSi Alimento Cão Atividade Normal 15Kg,15.0000,06MARCAPRO
1836932,PorSi Alimento Cão Atividade Normal 4Kg,4.0000,06MARCAPRO
1857823,PorSi Alimento Cão Júnior 2kg,2.0000,06MARCAPRO
1857834,PorSi Alimento Cão Júnior 10Kg,10.0000,06MARCAPRO
1872344,ALIM.S.CAO PRO ADULTO 15K,15.0000,06MARCAPRO
5758590,Continente Cão Raças Pequenas 1.5Kg,1.5000,06MARCAPRO
5900855,Orlando 20Kg,20.0000,06MARCAPRO
5909591,Orlando 4Kg,4.0000,06MARCAPRO
5912446,Orlando Croquete Mix Cão 10Kg,10.0000,06MARCAPRO
5913010,Orlando Gour Cach Frg Arroz 4Kg,4.0000,06MARCAPRO
5913011,Orlando Sens Aves Legumes 4Kg,4.0000,06MARCAPRO
6040248,AL SECO P/CAO CONTINENTE JUNIOR 10KG,10.0000,06MARCAPRO
6040363,AL SECO P/CAO CONTINENTE CROQUETES 4KG,4.0000,06MARCAPRO
6040447,Continente Cão Adulto Sopa 4Kg,4.0000,06MARCAPRO
6040544,Continente Cão Adulto Croquetes 10Kg,10.0000,06MARCAPRO
6059538,Continente Cão Adulto Sopa 10Kg,10.0000,06MARCAPRO
6059551,AL SECO P/CAO CONTINENTE JUNIOR 4KG,4.0000,06MARCAPRO
6059623,AL SECO P/CAO CONTINENTE JUNIOR 2KG,2.0000,06MARCAPRO
6059624,AL SECO P/CAO CONTINENTE SOPA 20KG,20.0000,06MARCAPRO
6059625,AL SECO CAO CONTINENTE ALTA NUTRIC 10KG,10.0000,06MARCAPRO
6059635,Continente Cão Alta Nutrição 4Kg,4.0000,06MARCAPRO
62317827,PorSi Alimento Cão Atividade Normal 4Kg,4.0000,06MARCAPRO
62330102,PorSi Alimento Cão Adulto Mix 20Kg,20.0000,06MARCAPRO
62332080,PorSi Alimento Cão Atividade Normal 4Kg,4.0000,06MARCAPRO
62340508,PorSi Alimento Cão Adulto Mix 10Kg,10.0000,06MARCAPRO
62348615,PorSi Alimento Cão Adulto Mix 10Kg,10.0000,06MARCAPRO
62485007,PorSi Alimento Cão Atividade Normal 4Kg,4.0000,06MARCAPRO
62488660,PorSi Alimento Cão Adulto Mix 4Kg,4.0000,06MARCAPRO
62488661,PorSi Alimento Cão Adulto Mix 10Kg,10.0000,06MARCAPRO
62491872,PorSi Alimento Cão Adulto Mix 4Kg,4.0000,06MARCAPRO
62491874,PorSi Alimento Cão Adulto Mix 10Kg,10.0000,06MARCAPRO
62491879,PorSi Alimento Cão Adulto Mix 20Kg,20.0000,06MARCAPRO
6813479,"Seleção Cão Adulto 7,5Kg",7.5000,06MARCAPRO
7193302,AL SECO CAO CNT.SELECAO RP SALMAO 2KG,2.0000,06MARCAPRO
7193308,AL SECO GATO CNT SELE B/ PELO SLM 1.5KG,1.5000,06MARCAPRO
7213476,AL SECO CAO CNT CROQUETES 10+5KG OFRT,15.0000,06MARCAPRO
7458070,AL SECO CAO CONT.POUPANCA CROQUETES 15KG,15.0000,06MARCAPRO
7510921,CONTINENTE POUPANCA SOPA 6KG,6.0000,06MARCAPRO
7510922,Continente Poupança Raças Pequenas 4Kg,4.0000,06MARCAPRO
8290076,AL SECO CAO VITALIDADE RP 1.5KG CNT PET,1.5000,06MARCAPRO
8290077,AL SECO CAO VITALIDADE 9KG CNT PET,9.0000,06MARCAPRO
8290131,AL SECO CAO JUN VITALIDADE 2KG CNT PET,2.0000,06MARCAPRO
8290133,AL SECO CAO JUN VITALIDADE 4KG CNT PET,4.0000,06MARCAPRO
8290140,AL SECO CAO VITALIDADE 4KG CNT PET,4.0000,06MARCAPRO
8290144,AL SECO CAO VITALIDADE 14KG CNT PET PP,14.0000,06MARCAPRO
8290150,AL SECO CAO COMPLETO 4KG CNT PET,4.0000,06MARCAPRO
8290159,AL SECO CAO ALTA NUTRIC 9KG CNT PET PREM,9.0000,06MARCAPRO
8290219,AL SECO CAO COMPLETO 10KG CNT PET,10.0000,06MARCAPRO
8290221,AL SECO CAO ALTA NUTRIC 4KG CNT PET PREM,4.0000,06MARCAPRO
8290237,AL SECO CAO COMPLETO 15KG CNT PET PP,15.0000,06MARCAPRO
8290240,AL SECO CAO JUN VITALIDADE 10KG CNT PET PP,10.0000,06MARCAPRO
8290243,AL SECO CAO ALTA NUTRIC 14KG CNT PET PREM PP,14.0000,06MARCAPRO
8290268,AL SECO CAO VITALIDADE RP 4KG CNT PET PP,4.0000,06MARCAPRO
873824,Alim Sc Cão Activpet Croquetes 20Kg,20.0000,06MARCAPRO
AGRIBARADULTO20,Agribar Cão Adulto Premium 20Kg,20.0000,06MARCAPRO
AGRIBARADULTO4,Agribar Cão Adulto 4Kg,4.0000,06MARCAPRO
AGRIBARAE20,Agribar Alta Energia 20Kg,20.0000,06MARCAPRO
AGRIBARAEPREMIUM20,Agribar Cão Alta Energia  30/17 20Kg,20.0000,06MARCAPRO
AGRIBARGATO4,Agribar Gato Adulto 4Kg,4.0000,06MARCAPRO
AGRIBARJR20,Agribar Cão Junior 20Kg,20.0000,06MARCAPRO
AGRIBARJR4,Agribar Cão Junior 4Kg,4.0000,06MARCAPRO
AGRIBARREGULAR20,Agribar Cão Regular 20Kg,20.0000,06MARCAPRO
AGRIVILMIX20,Agrivil Mix 20Kg,20.0000,06MARCAPRO
AGUILARAE20,Aguilar Cão Alta Energia 20Kg,20.0000,06MARCAPRO
ALIMERKAADULTO10,Alimerka Cão Adulto 10kg,10.0000,06MARCAPRO
ALIMERKAADULTO4,Alimerka Cão Adulto 4kg,4.0000,06MARCAPRO
ALIPETADULTO20,Alipet Cão Adulto 20Kg,20.0000,01ALIPET
ALIPETADULTOCH20,Alipet Cão Adulto 20Kg,20.0000,01ALIPET
ALIPETADULTOMBVG10,Alipet Cão Adulto MB VG 10Kg,10.0000,01ALIPET
ALIPETGATO20,Alipet Gato Adulto 20Kg,20.0000,01ALIPET
ALIPETGATOMB18,Alipet Gato Adulto MB 18Kg,18.0000,06MARCAPRO
ALIPETGATOMIX20,Alipet Gato Adulto Mix 20Kg,20.0000,01ALIPET
ALIPETGATOMIXP20,Alipet Gato Adulto Mix 20Kg,20.0000,01ALIPET
ALIPETGATOP20,Alipet Gato Adulto 20Kg,20.0000,01ALIPET
ALIPETMIX20,Alipet Cão Adulto Mix 20Kg,20.0000,01ALIPET
AMIGO10,Amigo Perro Adulto 10kg,10.0000,06MARCAPRO
AMIGO18,Amigo Perro Adulto 18kg,18.0000,06MARCAPRO
AMIGO4,Amigo Perro Adulto 4kg,4.0000,06MARCAPRO
AMISTADCATMEATMB20,AMISTAD Cat 20Kg,20.0000,06MARCAPRO
ANANDAAE18,Ananda Energy 18Kg,18.0000,06MARCAPRO
ANANDAAEMB20PLM,Ananda Energy Manga Blanca 20Kg - Piensos los Montes,20.0000,06MARCAPRO
ANANDAAEMV18,Ananda Energy Manga Verde 18Kg,18.0000,06MARCAPRO
ANANDAAEMV18HON,Ananda Energy Manga Verde 18Kg - Herd Nuñez Honrad,18.0000,06MARCAPRO
ANANDAAEMV20HON,Ananda Energy Manga Verde 20Kg - Herd Nuñez Honrad,20.0000,06MARCAPRO
ANANDABASIC18,Ananda Basic 18Kg,18.0000,06MARCAPRO
ANANDABASICHM18,Ananda Basic - HM 18Kg,18.0000,06MARCAPRO
ANANDABASICMB18,Ananda Basic Saco Blanco 18Kg,18.0000,06MARCAPRO
ANANDABASICMB18HON,Ananda Basic Saco Blanco 18Kg - Herd Nuñez Honrado,18.0000,06MARCAPRO
ANANDABASICMB20HON,Ananda Basic Manga Blanca 20Kg - Herd Nuñez Honrad,20.0000,06MARCAPRO
ANANDABASICMV20PLM,Ananda Basic Manga Verde 20Kg - Piensos Los Montes,20.0000,06MARCAPRO
ANANDAGATO18,Ananda Gato 18Kg,18.0000,06MARCAPRO
ANANDAGATOMB18,Ananda Gato Manga Branca 18Kg,18.0000,06MARCAPRO
ANANDAGATOMB18HON,Ananda Gato Manga Branca 18Kg - Herd Nuñez Honrado,18.0000,06MARCAPRO
ANANDAGATOMB20HON,Ananda Gato Manga Blanca 20Kg - Herd Nuñez Honrado,20.0000,06MARCAPRO
ANANDAJR18,Ananda Junior 18Kg,18.0000,06MARCAPRO
ANANDAJRMV18,Ananda Junior Manga Verde 18Kg,18.0000,06MARCAPRO
ANANDAJRMV18HON,Ananda Junior Manga Verde 18Kg - Herd Nuñez Honrad,18.0000,06MARCAPRO
ANANDAJRMV20HON,Ananda Junior Manga Verde 20Kg - Herd Nuñez Honrad,20.0000,06MARCAPRO
APETFLD2002,Petfield Premium Lamb & Rice 80g,18.0000,06MARCAPRO
APETFLD2031,Amostra Petfield Premium Light & Senior 80g,4.0000,06MARCAPRO
ARTIFACTCATKITTENMB20,Artifact Cat Kitten MB 20Kg,20.0000,06MARCAPRO
ARTIFACTGATINHOSMB20,Artifact Gatinhos MB 20Kg,20.0000,06MARCAPRO
ARTIFACTGATOCARNE10,Artifact Adult Cat Meat 10Kg,10.0000,06MARCAPRO
ARTIFACTGATOCARNE20,Artifact Adult Cat Meat 20Kg,20.0000,06MARCAPRO
ARTIFACTGATOMIX10,Artifact Adult Cat Mix 10Kg,10.0000,06MARCAPRO
ARTIFACTGATOMIX20,Artifact Adult Cat Mix 20Kg,20.0000,06MARCAPRO
ARTIFACTGATOPEIXE10,Artifact Adult Cat Fish 10Kg,10.0000,06MARCAPRO
ARTIFACTGATOPEIXE20,Artifact Adult Cat Fish 20Kg,20.0000,06MARCAPRO
ARTIFACTMANUTENCAO18,Artifact Maintenance 18Kg,18.0000,06MARCAPRO
ARTIFACTMANUTENCAO20,Artifact Maintenance 20Kg,20.0000,06MARCAPRO
ARTIFACTMANUTENCAO20CROQJR,Artifact Dog 20Kg - croquete júnior,20.0000,06MARCAPRO
ARTIFACTMIX20,Artifact Adult Dog Mix 20Kg,20.0000,06MARCAPRO
AVICANADULTO20,AVICAN Adulto 20Kg,20.0000,06MARCAPRO
AVICANADULTOMIX20,AVICAN Adulto Mix 20Kg,20.0000,06MARCAPRO
AVICANAE20,AVICAN Alta Energia 20Kg,20.0000,06MARCAPRO
AVICANGATO20,AVICAN Gato 20Kg,20.0000,06MARCAPRO
AVICANJR20,AVICAN Junior 20Kg,20.0000,06MARCAPRO
AYALAADULTO18,Ayala Perro Adulto 18kg,18.0000,06MARCAPRO
AYALAADULTO4,Ayala Cão Adulto 4kg,4.0000,06MARCAPRO
BALICAT18,Bali Cat 18Kg,18.0000,06MARCAPRO
BALICATPAL18,Bali Cat 18Kg,18.0000,06MARCAPRO
BENCATFISH2,Benji Cat Fish 2Kg,2.0000,06MARCAPRO
BENCATMEAT2,Benji Cat Meat 2Kg,2.0000,06MARCAPRO
BENCATMIX2,Benji Cat Mix 2Kg,2.0000,06MARCAPRO
BENDOGCOMP10,Benji Complete 10Kg,10.0000,06MARCAPRO
BENDOGCOMP2.5,"Benji Complete 2,5Kg",2.5000,06MARCAPRO
BENHE10,Benji High Energy 10Kg,10.0000,06MARCAPRO
BENHE2.5,"Benji High Energy 2,5Kg",2.5000,06MARCAPRO
BENMAINTMIX2.5,"Benji Dog Maintenance 2,5Kg",2.5000,06MARCAPRO
BENPUPPY2.5,"Benji Puppy 2,5Kg",2.5000,06MARCAPRO
CAMPEAOADULTO20,Campeão Cão Adulto 20Kg,20.0000,02CAMPEAO
CAMPEAOADULTO4,Campeão Cão Adulto 4Kg,4.0000,02CAMPEAO
CAMPEAOADULTOMB20,Campeão Cão Adulto MB 20Kg,20.0000,06MARCAPRO
CAMPEAOADULTOMV20,Campeão Cão Adulto MV 20Kg,20.0000,06MARCAPRO
CAMPEAOADULTOMV20PG,Campeão Cão Adulto MV - Piensos Galacer 20Kg,20.0000,06MARCAPRO
CAMPEAOADULTOOVO20,Campeão Cão Adulto com Ovo 20Kg,20.0000,02CAMPEAO
CAMPEAOADULTOP20,Campeão Cão Adulto 20Kg,20.0000,02CAMPEAO
CAMPEAOADULTOP4,Campeão Cão Adulto 4Kg,4.0000,02CAMPEAO
CAMPEAOAE20,Campeão Cão Adulto Alta Energia 20Kg,20.0000,02CAMPEAO
CAMPEAOAEMB20,Campeão Cão Adulto Alta Energia MB 20Kg,20.0000,06MARCAPRO
CAMPEAOAEMB20DA,Campeão Cão Adulto AE MB - Daniel Alonso 20Kg,20.0000,02CAMPEAO
CAMPEAOAEMB20PG,Campeão Cão Adulto AE MB -  Piensos Galacer 20Kg,20.0000,06MARCAPRO
CAMPEAOAEMB20PLM,Campeão Cão Adulto AE MB - Piensos Los Montes 20Kg,20.0000,06MARCAPRO
CAMPEAOBASIC15,Campeão Basic 15kg,15.0000,02CAMPEAO
CAMPEAOESTERIL10,Campeão Gato Esterilizado 10Kg,10.0000,02CAMPEAO
CAMPEAOESTERIL20,Campeão Gato Esterilizado 20Kg,20.0000,02CAMPEAO
CAMPEAOESTERIL4,Campeão Gato Esterilizado 4Kg,4.0000,02CAMPEAO
CAMPEAOGATO1.5,Campeão Gato Adulto 1.5Kg,1.5000,02CAMPEAO
CAMPEAOGATO10,Campeão Gato Adulto 10Kg,10.0000,02CAMPEAO
CAMPEAOGATO11,Campeão Gato Adulto 10Kg + 1Kg,11.0000,02CAMPEAO
CAMPEAOGATO18,Campeao Gato 18Kg,18.0000,02CAMPEAO
CAMPEAOGATOSC1.5,Campeão Gato Adulto SC 1.5Kg,1.5000,02CAMPEAO
CAMPEAOGATOSC10,Campeão Gato Adulto SC 10Kg,10.0000,02CAMPEAO
CAMPEAOGATOSC18,Campeao Gato SC 18Kg,18.0000,02CAMPEAO
CAMPEAOJR20,Campeão Cão Junior 20Kg,20.0000,02CAMPEAO
CAMPEAOJR4,Campeão Cão Junior 4Kg,4.0000,02CAMPEAO
CAMPEAOJRMB20,Campeão Cão Junior MB 20Kg,20.0000,06MARCAPRO
CAMPEAOJRP4,Campeão Cão Junior 4Kg,4.0000,02CAMPEAO
CAMPEAOMIX20,Campeão Cão Adulto Mix 20Kg,20.0000,02CAMPEAO
CAMPEAOMIX4,Campeão Cão Adulto Mix 4Kg,4.0000,02CAMPEAO
CAMPEAORP4,Campeão Raças Pequenas/Mini 4Kg,4.0000,02CAMPEAO
CIPRIDOGAE20,CipriDOG Alta Energia 20Kg,20.0000,06MARCAPRO
CIPRIDOGAE20D,CipriDOG Alta Energia D 20Kg,20.0000,06MARCAPRO
COOPERSAE20,Coopers High Energy 20Kg,20.0000,06MARCAPRO
COOPERSAEMB20,Coopers High Energy 20Kg - MB - Etiq. Laranja,20.0000,06MARCAPRO
COOPERSBASIC20,Coopers Basic 20Kg,20.0000,06MARCAPRO
COOPERSBASICMIX20,Coopers Basic Mix 20Kg,20.0000,06MARCAPRO
COOPERSGATOAMISTAD20,Coopers Cat Meat - Croq Amistad 20Kg,20.0000,06MARCAPRO
COOPERSGATOCARNE20,Coopers Cat Meat 20Kg,20.0000,06MARCAPRO
COOPERSGATOMIX20,Coopers Adult Cat Mix 20Kg,20.0000,06MARCAPRO
COOPERSGATOMIX20V,Coopers Adult Cat Mix 20Kg - VAL 18 MESES,20.0000,06MARCAPRO
COOPERSGATOMIX4,Coopers Adult Cat Mix 4Kg,4.0000,06MARCAPRO
COOPERSGATOPEIXE20,Coopers Cat Fish 20Kg,20.0000,06MARCAPRO
COOPERSJR20,Coopers Puppy 20Kg,20.0000,06MARCAPRO
COOPERSJR4,Coopers Puppy 4Kg,4.0000,06MARCAPRO
COOPERSJRMV20,Coopers Puppy 20Kg - MV - Etiq. Branca,20.0000,06MARCAPRO
COOPERSMANUTENCAO20,Coopers Maintenance 20Kg,20.0000,06MARCAPRO
DEKRAAE10,DEKRA High Energy 10Kg,10.0000,06MARCAPRO
DEKRAPUPPY4,DEKRA Puppy 4Kg,4.0000,06MARCAPRO
DIACOBASIC18,Diaco Basic 18Kg,18.0000,06MARCAPRO
DIVINUSADULT20,Divinus Adult 20Kg,20.0000,06MARCAPRO
DIVINUSADULTMIX20,Divinus Adult Mix 20Kg,20.0000,06MARCAPRO
DIVINUSCATCHICKEN10,Divinus Cat Chicken 10Kg,10.0000,06MARCAPRO
DIVINUSCATCOMPLETE10,DIVINUS CAT COMPLETE 10Kg,10.0000,06MARCAPRO
DIVINUSCOMPLETE20,Divinus Complete 20Kg,20.0000,06MARCAPRO
DIVINUSESTERIL10,Divinus Cat Sterelized 10kg,10.0000,06MARCAPRO
DIVINUSESTERIL2,Divinus Cat Sterelized 2kg,2.0000,06MARCAPRO
DIVINUSFLAVOURCATCR18,DIVINUS FLAVOUR CAT CHICKEN & RICE 18Kg,18.0000,06MARCAPRO
DIVINUSFLAVOURCATSR18,DIVINUS FLAVOUR CAT SALMON & RICE 18Kg,18.0000,06MARCAPRO
DIVINUSFLAVOURDOGLR18,DIVINUS FLAVOUR DOG LAMB & RICE 18Kg,18.0000,06MARCAPRO
DIVINUSFLAVOURDOGSR18,DIVINUS FLAVOUR DOG SALMON & RICE 18Kg,18.0000,06MARCAPRO
DIVINUSGATINHOS10,Divinus Cat Kitten 10Kg,10.0000,06MARCAPRO
DIVINUSGATINHOS2,Divinus Cat Kitten 2Kg,2.0000,06MARCAPRO
DIVINUSGATOCARNE2,Divinus Cat Meat 2Kg,2.0000,06MARCAPRO
DIVINUSGATOCARNE20,Divinus Cat Meat 20Kg,20.0000,06MARCAPRO
DIVINUSGATOCARNE20V,Divinus Cat Meat 20Kg - VAL 18 MESES,20.0000,06MARCAPRO
DIVINUSGATOCARNE7,Divinus Cat Meat 7Kg,7.0000,06MARCAPRO
DIVINUSGATOCOMPDOMUS20,Divinus Cat Complete Domus 20Kg,20.0000,06MARCAPRO
DIVINUSGATOCOMPLETE2,Divinus Cat Complete 2Kg,2.0000,06MARCAPRO
DIVINUSGATOCOMPLETE20,Divinus Cat Complete 20Kg,20.0000,06MARCAPRO
DIVINUSGATOCOMPLETE7,Divinus Cat Complete 7Kg,7.0000,06MARCAPRO
DIVINUSGATOCOMPLETEMB20,Divinus Cat Complete 20Kg,20.0000,06MARCAPRO
DIVINUSGATOPEIXE2,Divinus Cat Fish 2Kg,2.0000,06MARCAPRO
DIVINUSGATOPEIXE20,Divinus Cat Fish 20Kg,20.0000,06MARCAPRO
DIVINUSJR4,Divinus Puppy 4Kg,4.0000,06MARCAPRO
DIVINUSMINI10,Divinus Adult Mini 10kg,10.0000,06MARCAPRO
DIVINUSMINI4,Divinus Adult Mini 4Kg,4.0000,06MARCAPRO
DIVINUSPERFORMANCE10,Divinus Performance 10Kg,10.0000,06MARCAPRO
DIVINUSPERFORMANCE20,Divinus Performance 20Kg,20.0000,06MARCAPRO
DIVINUSPERFORMANCEMB20,Divinus Performance 20Kg,20.0000,06MARCAPRO
DIVINUSPUPPY20,Divinus Puppy 20Kg,20.0000,06MARCAPRO
DOMUSADULTO20,Domus Cão Adulto 20Kg,20.0000,08DOMUS
DOMUSADULTO4,Domus Cão Adulto 4Kg,4.0000,08DOMUS
DOMUSAE20,Domus Cão Alta Energia 20Kg,20.0000,08DOMUS
DOMUSAE4,Domus Cão Alta Energia 4Kg,4.0000,08DOMUS
DOMUSGATO1.5,Domus Gato Adulto 1.5Kg,1.5000,08DOMUS
DOMUSGATO20,Domus Gato Adulto 20Kg,20.0000,08DOMUS
DOMUSJR20,Domus Cão Junior 20Kg,20.0000,08DOMUS
DOMUSJR4,Domus Cão Junior 4Kg,4.0000,08DOMUS
DOMUSMIX20,Domus Cão Adulto Mix 20Kg,20.0000,08DOMUS
DOMUSMIX4,Domus Cão Adulto Mix 4Kg,4.0000,08DOMUS
ENERGYPETAE20,EnergyPet Alta Performance 20Kg,20.0000,11ENERGYP
ENERGYPETBASIC20,EnergyPet Basic 20Kg,20.0000,11ENERGYP
ENERGYPETBASIC4,EnergyPet Basic 4Kg,4.0000,11ENERGYP
ENERGYPETGATO10,EnergyPet Gato 10Kg,10.0000,11ENERGYP
ENERGYPETGATO2,Energypet Gato 2Kg,2.0000,11ENERGYP
ENERGYPETGATO20,EnergyPet Gato 20Kg,20.0000,11ENERGYP
ENERGYPETGATOMB20,Energypet Gato Adulto Manga Branca 20Kg,20.0000,11ENERGYP
ENERGYPETJR20,EnergyPet Junior 20Kg,20.0000,11ENERGYP
ENERGYPETJR4,EnergyPet Junior 4Kg,4.0000,11ENERGYP
ENERGYPETPLUS20,EnergyPet Plus 20Kg,20.0000,11ENERGYP
ENERGYPETPLUS4,EnergyPet Plus 4Kg,4.0000,11ENERGYP
ENERGYPETPLUSP20,EnergyPet Plus 20Kg,20.0000,11ENERGYP
FELLOWADULTO12,Fellow Adulto 12kg,12.0000,06MARCAPRO
FELLOWJR12,Fellow Júnior 12kg,12.0000,06MARCAPRO
FIPALCAOADULTO20,Fipal Cão Adulto 20Kg,20.0000,06MARCAPRO
GALACERAE20,Galacer Perro Alta Energia 20Kg,20.0000,06MARCAPRO
GALACERMANTENIMIENTO20,Galacer Mantenimiento Perro Adulto 20Kg,20.0000,06MARCAPRO
GARPIADULTO20,Garpi Nutrition Adult 20Kg,20.0000,06MARCAPRO
GARPIADULTO3,Garpi Nutrition Adult Dog 3Kg,3.0000,06MARCAPRO
GARPIADULTOHEM20,Garpi Nutrition Adult com HM 20Kg,20.0000,06MARCAPRO
GARPIADULTOSACOGATO18,Garpi Nutrition Adult -22/8 Acitex-saco gato 18Kg,20.0000,06MARCAPRO
GARPIADULTOSACOJR20,Garpi Nutrition Adult -22/8 Acitex-saco puppy 20Kg,20.0000,06MARCAPRO
GARPIAE20,Garpi Nutrition High Energy 20Kg,20.0000,06MARCAPRO
GARPIAE3,Garpi Nutrition High Energy 3Kg,3.0000,06MARCAPRO
GARPICATFISH20,Garpi Cat Fish 20Kg,20.0000,06MARCAPRO
GARPICATMEAT20,Garpi Cat Meat 20Kg,20.0000,06MARCAPRO
GARPICATMIX20,Garpi Cat Mix 20Kg,20.0000,06MARCAPRO
GARPIDOG20,Garpi Dog Ráfia 20Kg,20.0000,06MARCAPRO
GARPIDOGACTIVE20,Garpi Dog Active 20Kg,20.0000,06MARCAPRO
GARPIDOGAE20,Garpi Dog High Energy 20Kg,20.0000,06MARCAPRO
GARPIDOGJR20,Garpi Dog Puppy 20Kg,20.0000,06MARCAPRO
GARPIDOGMIX20,Garpi Dog Mix Ráfia 20Kg,20.0000,06MARCAPRO
GARPIGATO18,Garpi Nutrition Adult Cat 18Kg,18.0000,06MARCAPRO
GARPIGATO3,Garpi Nutrition Adult Cat 3Kg,3.0000,06MARCAPRO
GARPIJR20,Garpi Nutrition Puppy 20Kg,20.0000,06MARCAPRO
GARPIJR3,Garpi Nutrition Puppy 3Kg,3.0000,06MARCAPRO
GARPIMIX20,Garpi Nutrition Adult Mix 20Kg,20.0000,06MARCAPRO
GARPIMIXSACOJR20,Garpi Nutrition Adult Mix 20Kg - SACO PUPPY,20.0000,06MARCAPRO
HAPPYADULTO10,HappyOne Cão Adulto 10Kg,10.0000,04HAPPYONE
HAPPYADULTO18,HappyOne Cão Adulto 18Kg,18.0000,04HAPPYONE
HAPPYADULTO4,HappyOne Cão Adulto 4Kg,4.0000,04HAPPYONE
HAPPYAE10,HappyOne Cão Adulto Alta Energia 10Kg,10.0000,04HAPPYONE
HAPPYAE18,HappyOne Cão Adulto Alta Energia 18Kg,18.0000,04HAPPYONE
HAPPYAE4,HappyOne Cão Adulto Alta Energia 4Kg,4.0000,04HAPPYONE
HAPPYESTERIL10,HappyOne Gato Esterilizado 10Kg,10.0000,04HAPPYONE
HAPPYESTERIL2,HappyOne Gato Esterilizado 2Kg,2.0000,04HAPPYONE
HAPPYESTERIL4,HappyOne Gato Esterilizado 4Kg,4.0000,04HAPPYONE
HAPPYGATINHOS1.5,HappyOne Gatinhos 1.5Kg,1.5000,04HAPPYONE
HAPPYGATINHOSMB20,HappyOne Gatinhos MB 20Kg,20.0000,06MARCAPRO
HAPPYGATO10,HappyOne Gato Adulto Atum/Frango 10Kg,10.0000,04HAPPYONE
HAPPYGATO2,HappyOne Gato Adulto Atum/Frango 2Kg,2.0000,04HAPPYONE
HAPPYGATOSALMAO10,HappyOne Gato Adulto Salmão 10Kg,10.0000,04HAPPYONE
HAPPYGATOSALMAO2,HappyOne Gato Adulto Salmão 2Kg,2.0000,04HAPPYONE
HAPPYJR10,HappyOne Cão Junior 10Kg,10.0000,04HAPPYONE
HAPPYJR18,HappyOne Cão Junior 18Kg,18.0000,04HAPPYONE
HAPPYJR4,HappyOne Cão Junior 4Kg,4.0000,04HAPPYONE
HAPPYMEDADULTO12,HappyOne Mediterraneum Cão Adulto 12Kg,12.0000,07HOMED
HAPPYMEDADULTO3,HappyOne Mediterraneum Cão Adulto 3Kg,3.0000,07HOMED
HAPPYMEDADULTOSARDINHA12,HappyOne Mediterraneum Cão Adulto Sardinha 12Kg,12.0000,07HOMED
HAPPYMEDADULTOSARDINHA3,HappyOne Mediterraneum Cão Adulto Sardinha 3Kg,3.0000,07HOMED
HAPPYMEDESTERIL1,HappyOne Mediterraneum Gato Esterilizado 1Kg,1.0000,07HOMED
HAPPYMEDESTERIL2,HappyOne Mediterraneum Gato Esterilizado 2Kg,2.0000,07HOMED
HAPPYMEDESTERIL6,HappyOne Mediterraneum Gato Esterilizado 6Kg,6.0000,07HOMED
HAPPYMEDESTERIL7,HappyOne Mediterraneum Gato Esterilizado 7Kg,7.0000,07HOMED
HAPPYMEDESTERILSARDINHA2,HappyOne Mediterraneum Gato Esteril Sardinha 2Kg,3.0000,07HOMED
HAPPYMEDESTERILSARDINHA7,HappyOne Mediterraneum Gato Esteril Sardinha 7Kg,7.0000,07HOMED
HAPPYMEDGATINHOS1,HappyOne Mediterraneum Gatos & Gatinhos 1Kg,1.0000,07HOMED
HAPPYMEDGATINHOS2,HappyOne Mediterraneum Gatos & Gatinhos 2Kg,2.0000,07HOMED
HAPPYMEDGATO1,HappyOne Mediterraneum Gato 1Kg,1.0000,07HOMED
HAPPYMEDGATO2,HappyOne Mediterraneum Gato 2Kg,2.0000,07HOMED
HAPPYMEDGATO7,HappyOne Mediterraneum Gato 7Kg,7.0000,07HOMED
HAPPYMEDGATOSENIOR3,HappyOne Mediterraneum Gato Sénior 3Kg,3.0000,07HOMED
HAPPYMEDGFBORREGO12,HappyOne Mediterraneum Grain Free Borrego 12Kg,12.0000,07HOMED
HAPPYMEDGFBORREGO3,HappyOne Mediterraneum Grain Free Borrego 3Kg,3.0000,07HOMED
HAPPYMEDJR0.6,happyOne Mediterraneum Junior 0.6Kg,0.6000,07HOMED
HAPPYMEDJR12,HappyOne Mediterraneum Junior 12Kg,12.0000,07HOMED
HAPPYMEDJR3,HappyOne Mediterraneum Junior 3Kg,3.0000,07HOMED
HAPPYMEDLIGHTSENIOR12,HappyOne Mediterraneum Light & Senior 12Kg,12.0000,07HOMED
HAPPYMEDLIGHTSENIOR3,HappyOne Mediterraneum Light & Senior 3Kg,3.0000,07HOMED
HAPPYMEDRP3,HappyOne Mediterraneum Raças Pequenas/Mini 3Kg,3.0000,07HOMED
HAPPYMEDRP6,HappyOne Mediterraneum Raças Pequenas/Mini 6Kg,6.0000,07HOMED
HAPPYMEDRP7,HappyOne Mediterraneum Raças Pequenas/Mini 7Kg,7.0000,07HOMED
HAPPYMEDRPSARDINHA3,HappyOne Mediterraneum Raças Pequenas Sardinha 3Kg,3.0000,07HOMED
HAPPYMEDRPSARDINHA7,HappyOne Mediterraneum Raças Pequenas Sardinha 7Kg,7.0000,07HOMED
HAPPYMIX10,HappyOne Cão Adulto Mix 10Kg,10.0000,04HAPPYONE
HAPPYMIX18,HappyOne Cão Adulto Mix 18Kg,18.0000,04HAPPYONE
HAPPYMIX4,HappyOne Cão Adulto Mix 4Kg,4.0000,04HAPPYONE
HAPPYRP2,HappyOne Raças Pequenas/Mini 2Kg,2.0000,04HAPPYONE
HAPPYRP4,HappyOne Raças Pequenas/Mini 4Kg,4.0000,04HAPPYONE
HAPPYSENIOR10,HappyOne Sénior 10Kg,10.0000,04HAPPYONE
HAPPYSENIOR4,HappyOne Sénior 4Kg,4.0000,04HAPPYONE
HIPERCAT2,HiperCAT 2Kg,2.0000,06MARCAPRO
HIPERCAT20,HiperCAT 20Kg,20.0000,06MARCAPRO
HIPERCAT4,HiperCAT 4Kg,4.0000,06MARCAPRO
HIPERDOG20,HiperDog 20Kg,20.0000,06MARCAPRO
HIPERDOG3.5,HiperDog 3.5Kg,3.5000,06MARCAPRO
HPREMIUMADULTOHIPO12,HappyOne Premium Cão Adulto Hipoalergénico 12Kg,12.0000,09HPREMIUM
HPREMIUMADULTOHIPO4,HappyOne Premium Cão Adulto Hipoalergénico 4Kg,4.0000,09HPREMIUM
HPREMIUMCF12,HappyOne Premium Cão Carne Fresca 12Kg,12.0000,09HPREMIUM
HPREMIUMCF4,HappyOne Premium Cão Carne Fresca 4Kg,4.0000,09HPREMIUM
HPREMIUMCFESTERIL1.5,HappyOne Premium Gato Esteril Carne Fresca 1.5Kg,1.5000,09HPREMIUM
HPREMIUMCFESTERIL10,HappyOne Premium Gato Esteril Carne Fresca 10Kg,10.0000,09HPREMIUM
HPREMIUMGATINHOSCF1.5,HappyOne Premium Gatinhos Carne Fresca 1.5Kg,1.5000,09HPREMIUM
HPREMIUMGATOLIGHTSENIOR1.5,HappyOne Premium Gato Light & Senior 1.5Kg,1.5000,09HPREMIUM
HPREMIUMGATOSALMAO1.5,HappyOne Premium Gato Salmão Fresco1.5Kg,1.5000,09HPREMIUM
HPREMIUMGF12,HappyOne Premium Cão Grain Free 12Kg,12.0000,09HPREMIUM
HPREMIUMGF4,HappyOne Premium Cão Grain Free 4Kg,4.0000,09HPREMIUM
HPREMIUMINSETO10,HappyOne Premium Cão Insetos 10Kg,10.0000,09HPREMIUM
HPREMIUMINSETO4,HappyOne Premium Cão Insetos 4Kg,4.0000,09HPREMIUM
HPREMIUMJRCF12,HappyOne Premium Junior Carne Fresca 12Kg,12.0000,09HPREMIUM
HPREMIUMJRCF4,HappyOne Premium Junior Carne Fresca 4Kg,4.0000,09HPREMIUM
HPREMIUMLIGHTSENIORCF15,HappyOne Premium Light & Senior Carne Fresca 15Kg,15.0000,09HPREMIUM
HPREMIUMLIGHTSENIORCF4,HappyOne Premium Light & Senior Carne Fresca 4Kg,4.0000,09HPREMIUM
HPREMIUMRGCF12,HappyOne Premium Raças Grandes Carne Fresca 12Kg,12.0000,09HPREMIUM
HPREMIUMRGCF4,HappyOne Premium Raças Grandes Carne Fresca 4Kg,4.0000,09HPREMIUM
HPREMIUMRPCF10,HappyOne Premium Raças Pequenas/Mini CF 10Kg,10.0000,09HPREMIUM
HPREMIUMRPCF4,HappyOne Premium Raças Pequenas/Mini CF 4Kg,4.0000,09HPREMIUM
HPREMIUMSA15,HappyOne Premium Cão Salmão e Arroz 15Kg,15.0000,09HPREMIUM
HPREMIUMSA4,HappyOne Premium Cão Salmão e Arroz 4Kg,4.0000,09HPREMIUM
IFSADULTO12,IFS CAN Adulto 12Kg,12.0000,06MARCAPRO
IFSADULTOMIX12,IFS CAN Adulto Mix 12Kg,12.0000,06MARCAPRO
IFSADULTOMIX20,IFS CAN ADULTO MIX 20Kg,20.0000,06MARCAPRO
IFSAE15,IFS CAN Alta Energia 15Kg,15.0000,06MARCAPRO
IFSAE20,IFS CAN AE 20Kg,20.0000,06MARCAPRO
IFSGATO20,IFS Gato 20Kg,20.0000,06MARCAPRO
IFSGATOBB,IFS Gato Adulto Big Bag,"1,000.0000",06MARCAPRO
IFSJR12,IFS CAN Junior 12Kg,12.0000,06MARCAPRO
IFSJR20,IFS CAN Junior 20Kg,20.0000,06MARCAPRO
IFSJR4,IFS CAN Junior 4Kg,4.0000,06MARCAPRO
JACKPETADULTO20,Jackpet Cão Adulto 20kg,20.0000,12JACKPET
JACKPETADULTO4,Jackpet Cão Adulto 4kg,4.0000,12JACKPET
JACKPETAP20,Jackpet Cão Alta Performance 20kg,20.0000,12JACKPET
JACKPETGATO20,Jackpet Gato 20kg,20.0000,12JACKPET
JACKPETGATO4,Jackpet Gato 4kg,4.0000,12JACKPET
JACKPETGATOMIX20,Jackpet Gato Mix 20kg,20.0000,12JACKPET
JACKPETGATOMIX4,Jackpet Gato Mix 4kg,4.0000,12JACKPET
JACKPETJR20,Jackpet Cachorro 20kg,20.0000,12JACKPET
JACKPETJR4,Jackpet Cachorro 4kg,4.0000,12JACKPET
JACKPETMIX20,Jackpet Cão Adulto Mix 20kg,20.0000,12JACKPET
JACKPETORIGINAL10,Jackpet Original 10kg,10.0000,06MARCAPRO
JACKPETORIGINAL18,Jackpet Original 18kg,18.0000,06MARCAPRO
JACKPETORIGINAL4,Jackpet Original 4kg,4.0000,01ALIPET
JAGERELITE18,Jager Elite 18KG,20.0000,06MARCAPRO
JAGERELITE20,Jager Elite 20KG,20.0000,06MARCAPRO
JAGERENERGY18,Jager Energy 18KG,20.0000,06MARCAPRO
JAGERENERGY20,Jager Energy 20KG,20.0000,06MARCAPRO
LAMARCAADULTO20,La Marca del Éxito Perro Adulto Mantenimiento 20Kg,20.0000,06MARCAPRO
LAMARCAAE20,La Marca del Éxito Perro Alta Energia 20Kg,20.0000,06MARCAPRO
LOYALPETADULTO20,Loyal Pet Adult Dog 20Kg,20.0000,06MARCAPRO
LOYALPETADULTO20D,Loyal Pet Adult Dog 20Kg D,20.0000,06MARCAPRO
LOYALPETAE20,Loyal Pet High Energy 20Kg,20.0000,06MARCAPRO
LOYALPETAE20D,Loyal Pet High Energy 20Kg D,20.0000,06MARCAPRO
LOYALPETGATO20D,Loyal Pet Adult Cat 20Kg D,20.0000,06MARCAPRO
LOYALPETGATOMIX20,Loyal Pet Adult Cat Mix 20Kg,20.0000,06MARCAPRO
LOYALPETJR20,Loyal Pet Puppy 20Kg,20.0000,06MARCAPRO
LOYALPETJR20D,Loyal Pet Puppy 20Kg D,20.0000,06MARCAPRO
LOYALPETMIX20,Loyal Pet Adult Dog Mix 20Kg,20.0000,06MARCAPRO
LOYALPETMIX20D,Loyal Pet Adult Dog Mix 20Kg D,20.0000,06MARCAPRO
MERCOPLUSBASIC18,Mercoplus Basic 18kg,18.0000,06MARCAPRO
MERCOPLUSORIGINALGATO15,Mercoplus Original Gato 15kg,15.0000,06MARCAPRO
MERCOPLUSORIGINALGATO4,Mercoplus Original Gato 4kg,4.0000,06MARCAPRO
MERCOPLUSPREMIUMADULT15,Mercoplus Premium Adult 15kg,15.0000,06MARCAPRO
MERCOPLUSPREMIUMJR15,Mercoplus Premium Puppy 15kg,15.0000,06MARCAPRO
MERCOPLUSPREMIUMJR4,Mercoplus Premium Puppy 4kg,4.0000,06MARCAPRO
MERCOPLUSPRESTIGE15,Mercoplus Prestige 15kg,15.0000,06MARCAPRO
MIGCATSUP10,Migos Cat Supreme 10Kg,10.0000,06MARCAPRO
MIGCATSUP20,Migos Cat Supreme 20Kg,20.0000,06MARCAPRO
MIGCATSUP20PAL,Migos Cat Supreme Pal 20Kg,20.0000,06MARCAPRO
MIGCATSUPFISH10,Migos Cat Supreme Fish 10Kg,10.0000,06MARCAPRO
MIGCATSUPFISH20,Migos Cat Supreme Fish 20Kg,20.0000,06MARCAPRO
MIGCATSUPMEAT10,Migos Cat Supreme Meat 10Kg,10.0000,06MARCAPRO
MIGCATSUPMEAT20,Migos Cat Supreme Meat 20Kg,20.0000,06MARCAPRO
MIGHE20,Migos High Energy 20Kg,20.0000,06MARCAPRO
MIGMAINT20,Migos Maintenance 20Kg,20.0000,06MARCAPRO
MIGMAINT20CROQJR,Migos Maintenance 20Kg - croquete júnior,20.0000,06MARCAPRO
MIGMAINTHEM20,Migos Maintenance com HM 20Kg,20.0000,06MARCAPRO
MIGMAINTMIX20,Migos Maintenance Mix 20Kg,20.0000,06MARCAPRO
MIGMAINTMIX20CROQJR,Migos Maintenance Mix Small Croquette 20Kg,20.0000,06MARCAPRO
MIGMAINTPLUS20,Migos Maintenance Plus 20Kg,20.0000,06MARCAPRO
MIGPUP20,Migos Puppy 20Kg,20.0000,06MARCAPRO
MIKAGATOADULTOSC2KG,MIKA GATO ADULTO SEM COR 2KG,2.0000,06MARCAPRO
NATBUDDYCATMEATMB20,NatBuddy Gato 28-12 Carne 20 kg MB,20.0000,06MARCAPRO
NATBUDDYCATMEATMIXMB20,NatBuddy Gato 28-12 Carne Mix 20 kg MB,20.0000,06MARCAPRO
NUTRICHANCECAOGF15,Nutrichance Cão Grain Free 15Kg,15.0000,06MARCAPRO
NUTRICHANCECAOGF4,Nutrichance Cão Grain Free 4Kg,4.0000,06MARCAPRO
NUTRICROKADULTO20D,Nutricrok Manutenção D 20Kg,20.0000,06MARCAPRO
NUTRICROKAE20D,Nutricrok Alta Energia D 20Kg,20.0000,06MARCAPRO
P00011,Pétis Natural Frango Grão Pequeno Cão 3kg,3.0000,06MARCAPRO
P00012,Pétis Natural Frango Cão 3kg,3.0000,06MARCAPRO
P00013,Pétis Natural Frango Cão 12kg,12.0000,06MARCAPRO
P00014,Pétis Natural Salmão Cão 3kg,3.0000,06MARCAPRO
P00015,Pétis Natural Salmão Cão 12kg,12.0000,06MARCAPRO
P00016,Pétis Natural Hipoalergénico Cão 3kg,3.0000,06MARCAPRO
P00017,Pétis Natural Hipoalergénico Cão 12kg,12.0000,06MARCAPRO
P00018,Pétis Natural Frango Gato 1.5kg,1.5000,06MARCAPRO
P00019,Pétis Natural Salmão Gato 1.5kg,1.5000,06MARCAPRO
P00020,Pétis Grain Free Frango Cão 3kg,3.0000,06MARCAPRO
P00021,Pétis Grain Free Frango Cão 12kg,12.0000,06MARCAPRO
P00022,Pétis Grain Free Salmão Cão 3kg,3.0000,06MARCAPRO
P00023,Pétis Grain Free Salmão Cão 12kg,12.0000,06MARCAPRO
PETFLD1001,Petfield Classic Cão Regular 4kg,4.0000,06MARCAPRO
PETFLD1002,Petfield Classic Cão Regular 18kg,18.0000,06MARCAPRO
PETFLD1003,Petfield Classic Cão Adulto 18kg,18.0000,06MARCAPRO
PETFLD1004,Petfield Classic Gato Adulto 4kg,4.0000,06MARCAPRO
PETFLD1005,Petfield Classic Gato Adulto 10kg,10.0000,06MARCAPRO
PETFLD2001,Petfield Premium Lamb & Rice 4kg,4.0000,06MARCAPRO
PETFLD2002,Petfield Premium Lamb & Rice 18kg,18.0000,06MARCAPRO
PETFLD2011,Petfield Premium Adult Chicken & Oat 4kg,4.0000,06MARCAPRO
PETFLD2012,Petfield Premium Adult Chicken & Oat 18kg,18.0000,06MARCAPRO
PETFLD2021,Petfield Premium Puppy Chicken & Oat 4kg,4.0000,06MARCAPRO
PETFLD2022,Petfield Premium Puppy Chicken & Oat 18kg,18.0000,06MARCAPRO
PETFLD2031,Petfield Premium Light & Senior 4kg,4.0000,06MARCAPRO
PETFLD2032,Petfield Premium Light & Senior 18kg,18.0000,06MARCAPRO
PETFLD2041,Petfield Premium Salmon & Rice 4kg,4.0000,06MARCAPRO
PETFLD2042,Petfield Premium Salmon & Rice 18kg,18.0000,06MARCAPRO
PETFLD2051,Petfield Premium Cat Sterilized 2kg,2.0000,06MARCAPRO
PETFLD2052,Petfield Premium Cat Sterilized 6kg,6.0000,06MARCAPRO
PETMAXIGATOSOS20,petMaxi SOS Gato Adulto 20Kg,20.0000,06MARCAPRO
PETMAXISOS20,petMaxi SOS Cão Adulto 20Kg,20.0000,06MARCAPRO
PETZEZEREADULTO15,Pet Zêzere 15kg,15.0000,10PETZE
PETZINGATOCARNE20,Petzin Chat Viande 20Kg,20.0000,06MARCAPRO
PETZINGATOCARNEMIX20,Petzin Chat Viande Coloré 20Kg,20.0000,06MARCAPRO
PETZINGATOPEIXE20,Petzin Chat Poisson 20Kg,20.0000,06MARCAPRO
PILEUADULTO20,PiléuDog Adulto 20Kg,20.0000,06MARCAPRO
PONGOADULT4,Pongo Adult 4Kg,4.0000,06MARCAPRO
QUINTATILIASMBAE20,Quinta das Tílias Cão Alta Energia MB 20kg,20.0000,06MARCAPRO
QUINTATILIASMBJR20,Quinta das Tílias Cão Júnior MB 20kg,20.0000,06MARCAPRO
RACAOMB12,Ração em MB 12Kg,128.0000,06MARCAPRO
RACAOMB18,Ração em MB 18Kg,18.0000,06MARCAPRO
RACAOMB20,Ração em MB 20Kg,20.0000,06MARCAPRO
RACAOMV20,Ração em MV 20Kg,20.0000,06MARCAPRO
ROTDOGMV20,RotundaDog MV 20Kg,20.0000,06MARCAPRO
ROTDOGSV20,RotundaDog SV 20Kg,20.0000,06MARCAPRO
RUFIAADULTO20,Rufia Cão Adulto 20Kg,20.0000,03RUFIA
RUFIAADULTO4,Rufia Cão Adulto 4Kg,4.0000,03RUFIA
RUFIAADULTOMB20,Rufia Cão Adulto MB 20Kg,20.0000,06MARCAPRO
RUFIAADULTOP4,Rufia Cão Adulto 4Kg,4.0000,03RUFIA
RUFIAAE20,Rufia Cão Adulto Alta Energia 20Kg,20.0000,03RUFIA
RUFIAESTERIL10,Rufia Gato Esterilizado 10Kg,10.0000,03RUFIA
RUFIAESTERIL20,Rufia Gato Esterilizado 20Kg,20.0000,03RUFIA
RUFIAESTERIL4,Rufia Gato Esterilizado 4Kg,4.0000,03RUFIA
RUFIAGATO1.5,Rufia Gato Adulto 1.5Kg,1.5000,03RUFIA
RUFIAGATO10,Rufia Gato Adulto 10Kg,10.0000,03RUFIA
RUFIAGATO20,Rufia Gato Adulto 20Kg,20.0000,03RUFIA
RUFIAGATOMB18,Rufia Gato MB 18Kg,18.0000,06MARCAPRO
RUFIAGATOMB20,Rufia Gato Adulto MB 20Kg,20.0000,06MARCAPRO
RUFIAGATOMBSC20ANI,Rufia Gato Adulto MB SC 20Kg - ANIMA FRIQUE,20.0000,03RUFIA
RUFIAGATOSC1.5,Rufia Gato Adulto SC 1.5Kg,1.5000,03RUFIA
RUFIAGATOSC10,Rufia Gato Adulto SC 10Kg,10.0000,03RUFIA
RUFIAGATOSC20,Rufia Gato Adulto SC 20Kg,20.0000,03RUFIA
RUFIAJR20,Rufia Cão Junior 20Kg,20.0000,03RUFIA
RUFIAJR4,Rufia Cão Junior 4Kg,4.0000,03RUFIA
RUFIAMIX20,Rufia Cão Adulto Mix 20Kg,20.0000,03RUFIA
RUFIAMIX4,Rufia Cão Adulto Mix 4Kg,4.0000,03RUFIA
RUFIARP4,Rufia Raças Pequenas/Mini 4Kg,4.0000,03RUFIA
SETCAT20,SETCAT Gato  Adulto Mix 20Kg,20.0000,06MARCAPRO
SETCATADULTO20,SETCAT Gato Adulto 20Kg,20.0000,06MARCAPRO
SETDOGMB20,SetDog Adulto MB 20Kg,20.0000,06MARCAPRO
SINGAGATO20,SINGA Adult Cat 20Kg,20.0000,06MARCAPRO
SINGAGATOMIX20,SINGA Adult Cat Mix 20Kg,20.0000,06MARCAPRO
SUMICOOPADULTO20,SUMICOOP Alimento Completo Perros Básico 20 Kg ,20.0000,06MARCAPRO
SUMICOOPAE20,SUMICOOP Perros Alta Energía 20 Kg ,20.0000,06MARCAPRO
SUMICOOPJR20,SUMICOOP Cachorros y Madres 20 Kg ,20.0000,06MARCAPRO
UNAP230818,Cão Real Basic Adulto 20kg,20.0000,06MARCAPRO
UNAP230820,Gato Real Basic Adulto 20kg,20.0000,06MARCAPRO
UNAP230821,Cão Real Adulto 20kg,20.0000,06MARCAPRO
UNAP230822,Cão Real Adulto 4kg,4.0000,06MARCAPRO
UNAP230823,Cão Real Júnior 4kg,4.0000,06MARCAPRO
UNAP230824,Cão Real Alta Energia 20kg,20.0000,06MARCAPRO
UNAP230825,"Gato Real Carne e Peixe 1,5kg",1.5000,06MARCAPRO
VITAKERG15,VITAKE Cão Adulto Raças Grandes 15Kg,15.0000,06MARCAPRO
VITALCAN20,Vital Can 20Kg,20.0000,06MARCAPRO
VITALCAT20,Vitalcat Gato 20Kg,20.0000,06MARCAPRO
ZIRCAOADULTO18,Zircão Cão Adulto 18Kg,18.0000,06MARCAPRO
ZIRCAOADULTO4,Zircão Cão Adulto 4Kg,4.0000,06MARCAPRO
ZIRCAOAE18,Zircão Cão Adulto Alta Energia 18Kg,18.0000,06MARCAPRO
ZORRO-01-1,ZORRO Dog Puppy 20kg,20.0000,13ZORRO
ZORRO-01-2,ZORRO Dog Active 20kg,20.0000,13ZORRO
ZORRO-01-3,ZORRO Dog High Performance 20kg,20.0000,13ZORRO
ZORRO-02-1,ZORRO Cat Active 20kg,20.0000,13ZORRO
