SKU,SKU_NAME,SKU_FORMULA
ARTIFACTMANUTENCAO18,Acitex Cão 23-8 Manutenção,OV23-8.00373
ARTIFACTMANUTENCAO20,Acitex Cão 23-8 Manutenção,OV23-8.00373
COOPERSBASIC20,Acitex Cão 23-8 Manutenção,OV23-8.00373
COOPERSBASIC20GR,Acitex Cão 23-8 Manutenção,OV23-8.00373
DIVINUSADULT20,Acitex Cão 23-8 Manutenção,OV23-8.00373
GARPIADULTOSACOGATO18,Acitex Cão 23-8 Manutenção,OV23-8.00373
GARPIADULTOSACOJR20,Acitex Cão 23-8 Manutenção,OV23-8.00373
GARPIDOG20,Acitex Cão 23-8 Manutenção,OV23-8.00373
GARPIDOG20CROQJR,Acitex Cão 23-8 Manutenção,OV23-8.00373
GARPIDOGACTIVE20,Acitex Cão 23-8 Manutenção,OV23-8.00373
LOYALPETADULTO20,Acitex Cão 23-8 Manutenção,OV23-8.00373
MIGMAINT20,Acitex Cão 23-8 Manutenção,OV23-8.00373
MIGMAINT20CROQJR,Acitex Cão 23-8 Manutenção,OV23-8.00373
MIGMAINTHEM20,Acitex Cão 23-8 Manutenção,OV23-8.00373
MIGMAINTHEM20CROQJR,Acitex Cão 23-8 Manutenção,OV23-8.00373
VITALCAN20,Acitex Cão 23-8 Manutenção,OV23-8.00373
DIVINUSFLAVOURDOGLR18,Acitex Cão 24-12 Borrego e Arroz,OV2412LAMB.00373
BENDOGCOMP2.5,Acitex Cão 24-12 Complete,OV24-12.00373
COOPERSMANUTENCAO20,Acitex Cão 24-12 Complete,OV24-12.00373
DIVINUSCOMPLETE20,Acitex Cão 24-12 Complete,OV24-12.00373
MIGMAINTPLUS20,Acitex Cão 24-12 Complete,OV24-12.00373
DIVINUSFLAVOURDOGSR18,Acitex Cão 24-12 Salmão e Arroz,OV2412SALM.00373
DIVINUSMINI10,Acitex Cão 27-14 Ad. Mini,OVADMINI.00370
DIVINUSMINI4,Acitex Cão 27-14 Ad. Mini,OVADMINI.00370
ARTIFACTCATKITTENMB20,Acitex Gatinhos 33-13,OVKITTEN.00370
DIVINUSGATINHOS2,Acitex Gatinhos 33-13,OVKITTEN.00370
AMISTADCATMEAT20,Acitex Gato 28-12 Carne,OV2812C.00345
ARTIFACTGATOCARNE10,Acitex Gato 28-12 Carne,OV2812C.00345
ARTIFACTGATOCARNE20,Acitex Gato 28-12 Carne,OV2812C.00345
BENCATMEAT2,Acitex Gato 28-12 Carne,OV2812C.00345
COOPERSGATOAMISTAD20,Acitex Gato 28-12 Carne,OV2812C.00345
COOPERSGATOCARNE20,Acitex Gato 28-12 Carne,OV2812C.00345
DIVINUSCATCHICKEN10,Acitex Gato 28-12 Carne,OV2812C.00345
DIVINUSGATOCARNE2,Acitex Gato 28-12 Carne,OV2812C.00345
DIVINUSGATOCARNE20,Acitex Gato 28-12 Carne,OV2812C.00345
DIVINUSGATOCARNE20V,Acitex Gato 28-12 Carne,OV2812C.00345
DIVINUSGATOCARNE7,Acitex Gato 28-12 Carne,OV2812C.00345
GARPICATMEAT20,Acitex Gato 28-12 Carne,OV2812C.00345
MIGCATSUPMEAT10,Acitex Gato 28-12 Carne,OV2812C.00345
MIGCATSUPMEAT20,Acitex Gato 28-12 Carne,OV2812C.00345
NATBUDDYCATMEATMB20,Acitex Gato 28-12 Carne,OV2812C.00345
PETZINGATOCARNE20,Acitex Gato 28-12 Carne,OV2812C.00345
RACAOMB20,Acitex Gato 28-12 Carne,OV2812C.00345
SINGAGATO20,Acitex Gato 28-12 Carne,OV2812C.00345
DIVINUSFLAVOURCATCR18,Acitex Gato 28-12 Frango e Arroz,OVGATCARNO.00360
ARTIFACTGATOPEIXE10,Acitex Gato 28-12 Peixe,OV2812P.00345
ARTIFACTGATOPEIXE20,Acitex Gato 28-12 Peixe,OV2812P.00345
BENCATFISH2,Acitex Gato 28-12 Peixe,OV2812P.00345
COOPERSGATOPEIXE20,Acitex Gato 28-12 Peixe,OV2812P.00345
DIVINUSGATOPEIXE2,Acitex Gato 28-12 Peixe,OV2812P.00345
DIVINUSGATOPEIXE20,Acitex Gato 28-12 Peixe,OV2812P.00345
GARPICATFISH20,Acitex Gato 28-12 Peixe,OV2812P.00345
MIGCATSUPFISH10,Acitex Gato 28-12 Peixe,OV2812P.00345
MIGCATSUPFISH20,Acitex Gato 28-12 Peixe,OV2812P.00345
PETZINGATOPEIXE20,Acitex Gato 28-12 Peixe,OV2812P.00345
DIVINUSFLAVOURCATSR18,Acitex Gato 28-12 Salmão e Arroz,OVGATPSALM.00370
DIVINUSESTERIL10,Acitex Gato 30-9 Esterilizado,OVGTESTE.0322
DIVINUSESTERIL2,Acitex Gato 30-9 Esterilizado,OVGTESTE.0322
873824,ActivPet Cão Adulto,240ACTAD.00370
CAMPEAORP4,ActivPet Cão Raças Pequenas,ACTIVPRACP.00369
CAMPEAOADULTO20,ActivPet Cão Senior,PDCAOLGSEN.00369
ALIPETGATO20,ActivPet Gato Carne,PDGATCARNE.00369
ALIPETGATO20,ActivPet Gato Peixe,PDGATPEIXE.00369
AGRIBARAEPREMIUM20,Agribar Cão Alta Energia Premium,244010.00373
AGRITORRESCAOADULTCMGRANDE20,Alipet Cão Adulto,230011.00370
ALIPETADULTO20,Alipet Cão Adulto,230011.00370
JAGERELITE18,Alipet Cão Adulto,230011.00370
JAGERELITE20,Alipet Cão Adulto,230011.00370
61171,Alipet Gato Adulto,233010.00373
ALIPETGATO20,Alipet Gato Adulto,233010.00373
ALIPETGATOMB18,Alipet Gato Adulto,233010.00373
BALICAT18,Alipet Gato Adulto,233010.00373
PETFLD1004,Alipet Gato Adulto,233010.00373
PETFLD1005,Alipet Gato Adulto,233010.00373
UNAP230820,Alipet Gato Adulto,233010.00373
ZORRO-02-1,Alipet Gato Adulto,233010.00373
ZORRO-02-1E,Alipet Gato Adulto,233010.00373
ALIMERKAADULTO10,Amigo Cão Adulto,4IFADAULTO.00373
ALIMERKAADULTO4,Amigo Cão Adulto,4IFADAULTO.00373
AMIGO10,Amigo Cão Adulto,4IFADAULTO.00373
AMIGO18,Amigo Cão Adulto,4IFADAULTO.00373
AMIGO4,Amigo Cão Adulto,4IFADAULTO.00373
AYALAADULTO18,Amigo Cão Adulto,4IFADAULTO.00373
AYALAADULTO4,Amigo Cão Adulto,4IFADAULTO.00373
CAMPEAOADULTO20,Amigo Cão Adulto,4IFADAULTO.00373
ALIPETBASIC18,Ananda Cão Basic,230050.00368
ANANDABASIC18,Ananda Cão Basic,230050.00368
ANANDABASICHM18,Ananda Cão Basic,230050.00368
ANANDABASICMB20HON,Ananda Cão Basic,230050.00368
ANANDABASICMV20PLM,Ananda Cão Basic,230050.00368
ANANDAAE18,Ananda Cão Energy,242ANAND.00345
ANANDAAEMB20PLM,Ananda Cão Energy,242ANAND.00345
ANANDAAEMV20HON,Ananda Cão Energy,242ANAND.00345
ANANDAJR18,Ananda Cão Junior,241ANANDA.00359
ANANDAJRMV20HON,Ananda Cão Junior,241ANANDA.00359
ANANDAGATO18,Ananda Gato Adulto,243ANADAGA.00345
ANANDAGATOMB18,Ananda Gato Adulto,243ANADAGA.00345
ANANDAGATOMB18HON,Ananda Gato Adulto,243ANADAGA.00345
ANANDAGATOMB20HON,Ananda Gato Adulto,243ANADAGA.00345
282704,Campeão Cão Adulto,240010.00373
282705,Campeão Cão Adulto,240010.00373
282712,Campeão Cão Adulto,240010.00373
AGRIBARREGULAR20,Campeão Cão Adulto,240010.00373
ARTIFACTMANUTENCAO20,Campeão Cão Adulto,240010.00373
CAMPEAOADULTO20,Campeão Cão Adulto,240010.00373
CAMPEAOADULTO4,Campeão Cão Adulto,240010.00373
CAMPEAOADULTOMB20,Campeão Cão Adulto,240010.00373
CAMPEAOADULTOMV20,Campeão Cão Adulto,240010.00373
CAMPEAOADULTOMV20PG,Campeão Cão Adulto,240010.00373
CAVCADULTO20,Campeão Cão Adulto,240010.00373
ENERGYPETPLUS20,Campeão Cão Adulto,240010.00373
ENERGYPETPLUS4,Campeão Cão Adulto,240010.00373
FELLOWADULTO12,Campeão Cão Adulto,240010.00373
FIPALTOP20,Campeão Cão Adulto,240010.00373
GARPIADULTO20,Campeão Cão Adulto,240010.00373
GARPIADULTO3,Campeão Cão Adulto,240010.00373
JACKPETADULTO20,Campeão Cão Adulto,240010.00373
JACKPETADULTO4,Campeão Cão Adulto,240010.00373
NUTRICROKADULTO20,Campeão Cão Adulto,240010.00373
PETFLD1002,Campeão Cão Adulto,240010.00373
PILEUADULTO20,Campeão Cão Adulto,240010.00373
RUFIAADULTO20,Campeão Cão Adulto,240010.00373
RUFIAADULTO4,Campeão Cão Adulto,240010.00373
TIMBERWOLFADULTO10,Campeão Cão Adulto,240010.00373
UNAP230821,Campeão Cão Adulto,240010.00373
UNAP230822,Campeão Cão Adulto,240010.00373
CAMPEAOADULTOOVO20,Campeão Cão Adulto Ovo,240011.00369
282713,Campeão Cão Alta Energia,242010.00373
AVICANAE20,Campeão Cão Alta Energia,242010.00373
CAMPEAOAE20,Campeão Cão Alta Energia,242010.00373
CAMPEAOAE4,Campeão Cão Alta Energia,242010.00373
CAMPEAOAEMB20,Campeão Cão Alta Energia,242010.00373
CAMPEAOAEMB20DA,Campeão Cão Alta Energia,242010.00373
CAMPEAOAEMB20PG,Campeão Cão Alta Energia,242010.00373
CAMPEAOAEMB20PLM,Campeão Cão Alta Energia,242010.00373
CIPRIDOGAE20,Campeão Cão Alta Energia,242010.00373
ENERGYPETAE20,Campeão Cão Alta Energia,242010.00373
GALACERAE20,Campeão Cão Alta Energia,242010.00373
GARPIAE20,Campeão Cão Alta Energia,242010.00373
GARPIAE3,Campeão Cão Alta Energia,242010.00373
GARPIDOGAE20,Campeão Cão Alta Energia,242010.00373
IFSAE15,Campeão Cão Alta Energia,242010.00373
IFSAE20,Campeão Cão Alta Energia,242010.00373
JACKPETAP20,Campeão Cão Alta Energia,242010.00373
JAGERENERGY18,Campeão Cão Alta Energia,242010.00373
JAGERENERGY20,Campeão Cão Alta Energia,242010.00373
KANEMASTERAE20,Campeão Cão Alta Energia,242010.00373
LAMARCAAE20,Campeão Cão Alta Energia,242010.00373
NUTRICROKAE20,Campeão Cão Alta Energia,242010.00373
PETFLD1003,Campeão Cão Alta Energia,242010.00373
RUFIAAE20,Campeão Cão Alta Energia,242010.00373
RUFIAAE4,Campeão Cão Alta Energia,242010.00373
RUFIAAEBB,Campeão Cão Alta Energia,242010.00373
SUMICOOPAE20,Campeão Cão Alta Energia,242010.00373
UNAP230824,Campeão Cão Alta Energia,242010.00373
ZORRO-01-3,Campeão Cão Alta Energia,242010.00373
ZORRO-01-3E,Campeão Cão Alta Energia,242010.00373
106035,Campeão Cão Junior,241010.00370
282703,Campeão Cão Junior,241010.00370
4PETPUPPY20,Campeão Cão Junior,241010.00370
AGRIBARAE20,Campeão Cão Junior,241010.00370
ARCAPETAE20,Campeão Cão Junior,241010.00370
AVICANJR20,Campeão Cão Junior,241010.00370
BUCHADOGJR20,Campeão Cão Junior,241010.00370
BUCHADOGJRMB20,Campeão Cão Junior,241010.00370
CAMPEAOJR20,Campeão Cão Junior,241010.00370
CAMPEAOJR20ES,Campeão Cão Junior,241010.00370
CAMPEAOJR4,Campeão Cão Junior,241010.00370
CAMPEAOJRMB20,Campeão Cão Junior,241010.00370
CIPRIDOGJR20,Campeão Cão Junior,241010.00370
ENERGYPETJR20,Campeão Cão Junior,241010.00370
ENERGYPETJR4,Campeão Cão Junior,241010.00370
FELLOWJR12,Campeão Cão Junior,241010.00370
GARPIJR20,Campeão Cão Junior,241010.00370
GARPIJR3,Campeão Cão Junior,241010.00370
IFSJR12,Campeão Cão Junior,241010.00370
IFSJR20,Campeão Cão Junior,241010.00370
IFSJR4,Campeão Cão Junior,241010.00370
JACKPETJR20,Campeão Cão Junior,241010.00370
JACKPETJR4,Campeão Cão Junior,241010.00370
KANEMASTERJR20,Campeão Cão Junior,241010.00370
RUFIAJR20,Campeão Cão Junior,241010.00370
RUFIAJR4,Campeão Cão Junior,241010.00370
SUMICOOPJR20,Campeão Cão Junior,241010.00370
UNAP230823,Campeão Cão Junior,241010.00370
ZORRO-01-1,Campeão Cão Junior,241010.00370
ZORRO-01-1E,Campeão Cão Junior,241010.00370
282714,Campeão Cão Raças Pequenas,240RCPQ.00373
CAMPEAORP4,Campeão Cão Raças Pequenas,240RCPQ.00373
RUFIARP4,Campeão Cão Raças Pequenas,240RCPQ.00373
282709,Campeão Gato Adulto,243010.00373
282710,Campeão Gato Adulto,243010.00373
282711,Campeão Gato Adulto,243010.00373
CAMPEAOGATOSC1.5,Campeão Gato Adulto,243010.00373
CAMPEAOGATOSC10,Campeão Gato Adulto,243010.00373
CAMPEAOGATOSC18,Campeão Gato Adulto,243010.00373
CAMPEAOGATOSCMB18,Campeão Gato Adulto,243010.00373
FIPALCAT20,Campeão Gato Adulto,243010.00373
JACKPETGATO20,Campeão Gato Adulto,243010.00373
JACKPETGATO4,Campeão Gato Adulto,243010.00373
KANEMASTERGATOSC20,Campeão Gato Adulto,243010.00373
RUFIAGATO1.5,Campeão Gato Adulto,243010.00373
RUFIAGATO10,Campeão Gato Adulto,243010.00373
RUFIAGATO20,Campeão Gato Adulto,243010.00373
RUFIAGATOMB18,Campeão Gato Adulto,243010.00373
RUFIAGATOMB20,Campeão Gato Adulto,243010.00373
RUFIAGATOMBSC20ANI,Campeão Gato Adulto,243010.00373
RUFIAGATOSC1.5,Campeão Gato Adulto,243010.00373
RUFIAGATOSC10,Campeão Gato Adulto,243010.00373
RUFIAGATOSC20,Campeão Gato Adulto,243010.00373
RUFIAGATOSCMB18,Campeão Gato Adulto,243010.00373
UNAP230825,Campeão Gato Adulto,243010.00373
ALIPETGATO20,Campeão Gato Estéril,243ESTERIL.00373
CAMPEAOESTERIL10,Campeão Gato Estéril,243ESTERIL.00373
CAMPEAOESTERIL20,Campeão Gato Estéril,243ESTERIL.00373
CAMPEAOESTERIL4,Campeão Gato Estéril,243ESTERIL.00373
RUFIAESTERIL10,Campeão Gato Estéril,243ESTERIL.00373
RUFIAESTERIL20,Campeão Gato Estéril,243ESTERIL.00373
RUFIAESTERIL4,Campeão Gato Estéril,243ESTERIL.00373
8290159,Continente Cão 28-15 Alta Nutrição,MCALTANUTR.00347
8290221,Continente Cão 28-15 Alta Nutrição,MCALTANUTR.00347
8290243,Continente Cão 28-15 Alta Nutrição,MCALTANUTR.00347
8290077,Continente Cão Adulto,MCEQUILIBR.00360
8290140,Continente Cão Adulto,MCEQUILIBR.00360
8290144,Continente Cão Adulto,MCEQUILIBR.00360
6040363,Continente Cão Adulto Croquetes,CTCROQUE.00370
6040544,Continente Cão Adulto Croquetes,CTCROQUE.00370
7458070,Continente Cão Adulto Croquetes,CTCROQUE.00370
8290150,Continente Cão Completo,MCROQUETE.00347
8290219,Continente Cão Completo,MCROQUETE.00347
8290237,Continente Cão Completo,MCROQUETE.00347
8290077,Continente Cão Equilíbrio,MCEQUILIBR.00360
8290140,Continente Cão Equilíbrio,MCEQUILIBR.00360
8290144,Continente Cão Equilíbrio,MCEQUILIBR.00360
1857823,Continente Cão Junior,CTJUNIOR.00370
1857834,Continente Cão Junior,CTJUNIOR.00370
6059551,Continente Cão Junior,CTJUNIOR.00370
6059623,Continente Cão Junior,CTJUNIOR.00370
8290131,Continente Cão Junior,CTJUNIOR.00370
8290133,Continente Cão Junior,CTJUNIOR.00370
8290240,Continente Cão Junior,CTJUNIOR.00370
5781163,Continente Cão Raças Pequenas,CTRPFRAN.00370
7510922,Continente Cão Raças Pequenas,CTRPFRAN.00370
8290076,Continente Cão Raças Pequenas,CTRPFRAN.00370
8290268,Continente Cão Raças Pequenas,CTRPFRAN.00370
AGRIBARADULTO20,DOMUS Cão Adulto,245010.00359
AGRIBARADULTO4,DOMUS Cão Adulto,245010.00359
DOMUSADULTO20,DOMUS Cão Adulto,245010.00359
DOMUSADULTO4,DOMUS Cão Adulto,245010.00359
LOYALPETADULTO20D,DOMUS Cão Adulto,245010.00359
NUTRICROKADULTO20D,DOMUS Cão Adulto,245010.00359
PETYAMADULTO20,DOMUS Cão Adulto,245010.00359
AGRIBARAE20,DOMUS Cão Alta Energia,247010.00346
AGUILARAE20,DOMUS Cão Alta Energia,247010.00346
CIPRIDOGAE20D,DOMUS Cão Alta Energia,247010.00346
DOMUSAE20,DOMUS Cão Alta Energia,247010.00346
DOMUSAE4,DOMUS Cão Alta Energia,247010.00346
LOYALPETAE20D,DOMUS Cão Alta Energia,247010.00346
NUTRICROKAE20D,DOMUS Cão Alta Energia,247010.00346
AGRIBARJR20,DOMUS Cão Junior,246010.00359
AGRIBARJR4,DOMUS Cão Junior,246010.00359
DOMUSJR20,DOMUS Cão Junior,246010.00359
DOMUSJR4,DOMUS Cão Junior,246010.00359
GARPIJR20,DOMUS Cão Junior,246010.00359
GARPIJR3,DOMUS Cão Junior,246010.00359
LOYALPETJR20D,DOMUS Cão Junior,246010.00359
PETYAMJR20,DOMUS Cão Junior,246010.00359
AGRIBARGATO4,DOMUS Gato Adulto,248010.00346
DIVINUSGATOCOMPDOMUS20,DOMUS Gato Adulto,248010.00346
DOMUSGATO1.5,DOMUS Gato Adulto,248010.00346
DOMUSGATO20,DOMUS Gato Adulto,248010.00346
LOYALPETGATO20D,DOMUS Gato Adulto,248010.00346
GALACERAE20,Galacer Cão Energy,242-GALACE.00373
GALACERMANTENIMIENTO20,Galacer Cão Mantenimiento,240GALACER.00373
HIPERCAT2,Gato Combate,243020.00373
HIPERCAT20,Gato Combate,243020.00373
HAPPYADULTO10,happyOne Cão Adulto,250079.00359
HAPPYADULTO18,happyOne Cão Adulto,250079.00359
HAPPYADULTO4,happyOne Cão Adulto,250079.00359
HAPPYADULTO7.5,happyOne Cão Adulto,250079.00359
HAPPYAE10,happyOne Cão Alta Energia NOVA,252079.00359
HAPPYAE18,happyOne Cão Alta Energia NOVA,252079.00359
HAPPYAE4,happyOne Cão Alta Energia NOVA,252079.00359
HAPPYJR10,happyOne Cão Junior,251079.00359
HAPPYJR18,happyOne Cão Junior,251079.00359
HAPPYJR4,happyOne Cão Junior,251079.00359
HAPPYJRMB18,happyOne Cão Junior,251079.00359
HAPPYRP2,happyOne Cão Raças Pequenas,257079.00359
HAPPYRP4,happyOne Cão Raças Pequenas,257079.00359
HAPPYSENIOR10,happyOne Cão Senior,258079.00366
HAPPYSENIOR4,happyOne Cão Senior,258079.00366
HAPPYGATINHOS1.5,happyOne Gatinhos NOVA,256079.00365
HAPPYGATO10,happyOne Gato Adulto Nova,253079.0358
HAPPYGATO2,happyOne Gato Adulto Nova,253079.0358
PRO4CCT3,happyOne Gato Adulto Nova,253079.0358
HAPPYESTERIL10,happyOne Gatos Esteril,255010.00347
HAPPYESTERIL2,happyOne Gatos Esteril,255010.00347
HAPPYESTERIL4,happyOne Gatos Esteril,255010.00347
PETFLD2051,happyOne Gatos Esteril,255010.00347
PETFLD2052,happyOne Gatos Esteril,255010.00347
HAPPYGATOSALMAO10,happyOne Gatos Salmão,254079.0358
HAPPYGATOSALMAO2,happyOne Gatos Salmão,254079.0358
HPREMIUMCF12,happyOne PREMIUM Cão Carne Fresca,300HOP-CAR.00351
HPREMIUMCF15,happyOne PREMIUM Cão Carne Fresca,300HOP-CAR.00351
HPREMIUMCF4,happyOne PREMIUM Cão Carne Fresca,300HOP-CAR.00351
MERCOPLUSPRESTIGE15,happyOne PREMIUM Cão Carne Fresca,300HOP-CAR.00351
HPREMIUMGF12,happyOne PREMIUM Cão Grain Free,C-301-HO-GR.00351
HPREMIUMGF15,happyOne PREMIUM Cão Grain Free,C-301-HO-GR.00351
HPREMIUMGF4,happyOne PREMIUM Cão Grain Free,C-301-HO-GR.00351
NUTRICHANCECAOGF15,happyOne PREMIUM Cão Grain Free,C-301-HO-GR.00351
NUTRICHANCECAOGF4,happyOne PREMIUM Cão Grain Free,C-301-HO-GR.00351
HPREMIUMADULTOHIPO12,happyOne PREMIUM Cão Hipoalergénico,307HOP-MON.00358
HPREMIUMADULTOHIPO15,happyOne PREMIUM Cão Hipoalergénico,307HOP-MON.00358
HPREMIUMADULTOHIPO4,happyOne PREMIUM Cão Hipoalergénico,307HOP-MON.00358
P00016,happyOne PREMIUM Cão Hipoalergénico,307HOP-MON.00358
P00017,happyOne PREMIUM Cão Hipoalergénico,307HOP-MON.00358
HPREMIUMINSETO10,happyOne PREMIUM Cão Insetos,C310HOPB.00345
HPREMIUMINSETO4,happyOne PREMIUM Cão Insetos,C310HOPB.00345
HPREMIUMJRCF12,happyOne PREMIUM Cão Junior Carne Fresca,304HOPJUNI.00355
HPREMIUMJRCF15,happyOne PREMIUM Cão Junior Carne Fresca,304HOPJUNI.00355
HPREMIUMJRCF4,happyOne PREMIUM Cão Junior Carne Fresca,304HOPJUNI.00355
HPREMIUMLIGHTSENIORCF15,happyOne PREMIUM Cão Light & Senior Carne Fresca,335-HOP-LI.00359
HPREMIUMLIGHTSENIORCF4,happyOne PREMIUM Cão Light & Senior Carne Fresca,335-HOP-LI.00359
HPREMIUMRGCF12,happyOne PREMIUM Cão Raças Grandes C.Fresca,336-HOP-LA.00354
HPREMIUMRGCF15,happyOne PREMIUM Cão Raças Grandes C.Fresca,336-HOP-LA.00354
HPREMIUMRGCF4,happyOne PREMIUM Cão Raças Grandes C.Fresca,336-HOP-LA.00354
HPREMIUMRPCF10,happyOne PREMIUM Cão Raças Pequenas Carne Fresca,308HOPRACP.00359
HPREMIUMRPCF4,happyOne PREMIUM Cão Raças Pequenas Carne Fresca,308HOPRACP.00359
HPREMIUMSA15,happyOne PREMIUM Cão Salmão Arroz,C-302-HO.00345
HPREMIUMSA18MBIL,happyOne PREMIUM Cão Salmão Arroz,C-302-HO.00345
HPREMIUMSA4,happyOne PREMIUM Cão Salmão Arroz,C-302-HO.00345
HPREMIUMCFESTERIL1.5,happyOne PREMIUM Gato Esteril C. Fresca,3003HOP-GAT.00358
HPREMIUMCFESTERIL10,happyOne PREMIUM Gato Esteril C. Fresca,3003HOP-GAT.00358
HPREMIUMGATOLIGHTSENIOR1.5,happyOne PREMIUM Gato Light & Senior,332HOPGSEN.00358
HPREMIUMGATOLIGHTSENIORMB18,happyOne PREMIUM Gato Light & Senior,332HOPGSEN.00358
HPREMIUMGATOSALMAO1.5,happyOne PREMIUM Gato Salmão Fresco,333-HOP-GA.00358
HAPPYMEDADULTO12,Mediterraneum Cão Adulto,280070.00351
HAPPYMEDADULTO3,Mediterraneum Cão Adulto,280070.00351
HAPPYMEDCRIADOR12,Mediterraneum Cão Adulto,280070.00351
HAPPYMEDCRIADOR15,Mediterraneum Cão Adulto,280070.00351
HAPPYMEDADULTOSARDINHA12,Mediterraneum Cão Adulto Sardinha,280016.00357
HAPPYMEDADULTOSARDINHA3,Mediterraneum Cão Adulto Sardinha,280016.00357
HAPPYMEDGFBORREGO12,Mediterraneum Cão Borrego Fresco,280020.00360
HAPPYMEDGFBORREGO3,Mediterraneum Cão Borrego Fresco,280020.00360
HAPPYMEDJR0.6,Mediterraneum Cão Junior,280011.00357
HAPPYMEDJR12,Mediterraneum Cão Junior,280011.00357
HAPPYMEDJR3,Mediterraneum Cão Junior,280011.00357
HAPPYMEDRP3,Mediterraneum Cão Raças Pequenas CF,280012.00366
HAPPYMEDRP6,Mediterraneum Cão Raças Pequenas CF,280012.00366
HAPPYMEDRP7,Mediterraneum Cão Raças Pequenas CF,280012.00366
HAPPYMEDRPSARDINHA3,Mediterraneum Cão Raças Pequenas Sardinha,280021.00351
HAPPYMEDRPSARDINHA7,Mediterraneum Cão Raças Pequenas Sardinha,280021.00351
HAPPYMEDLIGHTSENIOR12,Mediterraneum Cão Senior NOVA,280015.00360
HAPPYMEDLIGHTSENIOR3,Mediterraneum Cão Senior NOVA,280015.00360
HAPPYMEDGATINHOS1,Mediterraneum Gatinhos,280079HOL.00341
HAPPYMEDGATINHOS2,Mediterraneum Gatinhos,280079HOL.00341
HAPPYMEDGATO1,Mediterraneum Gato Adulto NOVA,280033.00360
HAPPYMEDGATO2,Mediterraneum Gato Adulto NOVA,280033.00360
HAPPYMEDGATO3,Mediterraneum Gato Adulto NOVA,280033.00360
HAPPYMEDGATO7,Mediterraneum Gato Adulto NOVA,280033.00360
HAPPYMEDESTERIL1,Mediterraneum Gato Esteril Carne,280074.00351
HAPPYMEDESTERIL2,Mediterraneum Gato Esteril Carne,280074.00351
HAPPYMEDESTERIL20MB,Mediterraneum Gato Esteril Carne,280074.00351
HAPPYMEDESTERIL3,Mediterraneum Gato Esteril Carne,280074.00351
HAPPYMEDESTERIL6,Mediterraneum Gato Esteril Carne,280074.00351
HAPPYMEDESTERIL7,Mediterraneum Gato Esteril Carne,280074.00351
HAPPYMEDESTERILSARDINHA2,Mediterraneum Gato Esteril Sardinha,280027.00366
HAPPYMEDESTERILSARDINHA3,Mediterraneum Gato Esteril Sardinha,280027.00366
HAPPYMEDESTERILSARDINHA7,Mediterraneum Gato Esteril Sardinha,280027.00366
HAPPYMEDGATOSENIOR3,Mediterraneum Gato Senior,280078.00345
MERCOPLUSPREMIUMJR15,Mercoplus Cão Junior,ZMERCPUPPY.00364
MERCOPLUSPREMIUMJR4,Mercoplus Cão Junior,ZMERCPUPPY.00364
MERCOPLUSPREMIUMADULT15,Mercoplus Cão Premium,ZMERCPREMI.00364
MERCOPLUSORIGINALGATO15,Mercoplus Gato Adulto,ZMERCGATO.00364
MERCOPLUSORIGINALGATO4,Mercoplus Gato Adulto,ZMERCGATO.00364
5900855,Orlando Cão Adulto,ORLANDO.00373
5909591,Orlando Cão Adulto,ORLANDO.00373
03931S18,Patudini Cão Adulto,4DIACOCAOA.00360
03932S15,Patudini Cão Alta Energia,4DIACOHENE.00360
03930S10,Patudini Cão Junior,4DIACOJUNI.00360
03933P03,Patudini Gato Adulto,4DIACOGATO.00360
03933S15,Patudini Gato Adulto,4DIACOGATO.00360
AIKAMANUTENCAO20,Pet Zêzere Cão Adulto,230020-P.00373
ALIPETADULTO20,Pet Zêzere Cão Adulto,230020-P.00373
ALIPETADULTO20PF,Pet Zêzere Cão Adulto,230020-P.00373
ALIPETADULTOMBVG10,Pet Zêzere Cão Adulto,230020-P.00373
ANANDABASIC18,Pet Zêzere Cão Adulto,230020-P.00373
ANANDABASICMB18,Pet Zêzere Cão Adulto,230020-P.00373
ANANDABASICMB18HON,Pet Zêzere Cão Adulto,230020-P.00373
ANANDABASICMB20HON,Pet Zêzere Cão Adulto,230020-P.00373
ANANDABASICMV20PLM,Pet Zêzere Cão Adulto,230020-P.00373
ARCAPET20,Pet Zêzere Cão Adulto,230020-P.00373
AVICANADULTO20,Pet Zêzere Cão Adulto,230020-P.00373
CAMPEAOBASIC15,Pet Zêzere Cão Adulto,230020-P.00373
COBICAN20,Pet Zêzere Cão Adulto,230020-P.00373
DIACOBASIC18,Pet Zêzere Cão Adulto,230020-P.00373
ENERGYPETBASIC20,Pet Zêzere Cão Adulto,230020-P.00373
ENERGYPETBASIC4,Pet Zêzere Cão Adulto,230020-P.00373
FIPALCAOADULTO20,Pet Zêzere Cão Adulto,230020-P.00373
HIPERDOG20,Pet Zêzere Cão Adulto,230020-P.00373
HIPERDOG3.5,Pet Zêzere Cão Adulto,230020-P.00373
HIPERDOG4,Pet Zêzere Cão Adulto,230020-P.00373
JACKPETORIGINAL10,Pet Zêzere Cão Adulto,230020-P.00373
JACKPETORIGINAL18,Pet Zêzere Cão Adulto,230020-P.00373
LAMARCAADULTO20,Pet Zêzere Cão Adulto,230020-P.00373
PETFLD1001,Pet Zêzere Cão Adulto,230020-P.00373
PETFLD1002,Pet Zêzere Cão Adulto,230020-P.00373
PETZEZEREADULTO15,Pet Zêzere Cão Adulto,230020-P.00373
ROTDOG20,Pet Zêzere Cão Adulto,230020-P.00373
ROTDOGMV20,Pet Zêzere Cão Adulto,230020-P.00373
ROTDOGSV20,Pet Zêzere Cão Adulto,230020-P.00373
SETDOGMB20,Pet Zêzere Cão Adulto,230020-P.00373
UNAP230818,Pet Zêzere Cão Adulto,230020-P.00373
ZORRO-01-2,Pet Zêzere Cão Adulto,230020-P.00373
ZORRO-01-2E,Pet Zêzere Cão Adulto,230020-P.00373
PETFLD2001,PetField Premium Cão Borrego,PETFLAMB.0311
PETFLD2002,PetField Premium Cão Borrego,PETFLAMB.0311
PETFLD2011,PetField Premium Cão Frango Aveia,PETFPREM.0311
PETFLD2012,PetField Premium Cão Frango Aveia,PETFPREM.0311
PETFLD2021,PetField Premium Cão Junior,PETFPUPP.0321
PETFLD2022,PetField Premium Cão Junior,PETFPUPP.0321
PETFLD2041,PetField Premium Cão Salmão e Arroz,PETFCSAR.0311
PETFLD2042,PetField Premium Cão Salmão e Arroz,PETFCSAR.0311
PETFLD2031,PetField Premium Cão Senior,PETFCSLG.0311
PETFLD2032,PetField Premium Cão Senior,PETFCSLG.0311
1836921,PorSi Cão Adulto,INTCAO.00370
1836932,PorSi Cão Adulto,INTCAO.00370
1665366,PorSi Cão Adulto MIX,ITMPPORS.00370
1665370,PorSi Cão Adulto MIX,ITMPPORS.00370
1665381,PorSi Cão Adulto MIX,ITMPPORS.00370
1470955,PorSi Cão AE Actividade Intensa,INTCACTINT.00352
1470966,PorSi Cão AE Actividade Intensa,INTCACTINT.00352
1470992,PorSi Seleção Cão Raças Pequenas,INTCRPEQ.00352
HAPPYRP4,PorSi Seleção Cão Raças Pequenas,INTCRPEQ.00352
213883,Pura Special Cão Ad Alta Energia,AGTADHE.0081
213876,Pura Special Cão Ad Borrego,AGTADB.0081
213877,Pura Special Cão Ad Borrego,AGTADB.0081
213880,Pura Special Cão Ad Frango,AGTAD.0081
213881,Pura Special Cão Ad Frango,AGTAD.0081
213878,Pura Special Cão Ad Salmão,AGTADS.00345
213879,Pura Special Cão Ad Salmão,AGTADS.00345
213882,Pura Special Cão Adulto Mini,AGTRPEQF.0081
258255,Pura Special Cão Adulto Mini,AGTRPEQF.0081
213874,Pura Special Cão Júnior,AGTJUNIO.0081
213875,Pura Special Cão Júnior,AGTJUNIO.0081
294622,Pura Special Cão Light,AGTCLIGHT.00354
214170,Pura Special Cão Senior,AGTCDN.0109
213888,Pura Special Gato Adulto,AGTGATO.0081
213889,Pura Special Gato Adulto,AGTGATO.0081
213890,Pura Special Gato Esterilizado,AGTGST.00359
213891,Pura Special Gato Esterilizado,AGTGST.00359
QUINTATILIASMBAE20,Quinta das Tilias Cão Alta Energia,247TILIA.00345
ZIRCAOADULTO18,Zircão Cão Adulto,4ZIRCAO.00362
ZIRCAOADULTO4,Zircão Cão Adulto,4ZIRCAO.00362
ZIRCAOAE18,Zircão Cão Alta Energia,4ZIRCAOAE.00362
