sku,1W_WAPE,1W_Model,2W_WAPE,2W_Model,4W_WAPE,4W_Model,8W_WAPE,8W_Model,13W_WAPE,13W_Model,Priority_Horizon,Priority_WAPE,Priority_Model,Best_Horizon,Best_WAPE,Best_Model
000966587,35.049,MovingAverage_4,74.076,CrostonStyle_alpha_02,99.654,SBA_alpha_02,100.0,ZeroForecast,100.0,ZeroForecast,1W,35.05,MovingAverage_4,1W,35.05,MovingAverage_4
0061171,34.043,LastNonZero,99.863,arima,100.0,NaiveLastValue,100.0,NaiveLastValue,100.0,NaiveLastValue,1W,34.04,LastNonZero,1W,34.04,LastNonZero
02033464,13.983,Ridge,64.884,ADIDA_4,54.082,ADIDA_4,51.458,Ridge,65.95,arima,1W,13.98,Ridge,1W,13.98,Ridge
02135041,49.151,arima,59.667,RandomForestRegressor,76.792,CrostonStyle,66.642,CrostonStyle_alpha_02,75.882,SBA_alpha_02,1W,49.15,arima,1W,49.15,arima
0213874,82.194,LastNonZero,99.999,TwoStage_RF_Ridge,100.0,NaiveLastValue,100.0,NaiveLastValue,100.0,NaiveLastValue,1W,82.19,LastNonZero,1W,82.19,LastNonZero
0213875,72.544,TwoStage_Logistic_Huber,74.506,SeasonalNaive_52,86.696,SeasonalNaive_52,100.0,ZeroForecast,98.666,sarima,1W,72.54,TwoStage_Logistic_Huber,1W,72.54,TwoStage_Logistic_Huber
0213876,71.17,SBA_alpha_01,95.832,SBA_alpha_01,100.0,HuberRegressor,100.0,HuberRegressor,100.0,NaiveLastValue,1W,71.17,SBA_alpha_01,1W,71.17,SBA_alpha_01
0213877,87.335,ADIDA_8,87.398,HistGradientBoostingRegressor,100.0,ZeroForecast,100.0,ZeroForecast,100.0,NaiveLastValue,1W,87.34,ADIDA_8,1W,87.34,ADIDA_8
0213878,46.925,LastNonZero,99.968,arima,100.0,NaiveLastValue,100.0,NaiveLastValue,100.0,NaiveLastValue,1W,46.92,LastNonZero,1W,46.92,LastNonZero
0213879,53.309,SeasonalNaive_52,69.136,ExtraTreesRegressor,86.347,ExtraTreesRegressor,86.442,SeasonalNaive_52,69.2,SeasonalNaive_52,1W,53.31,SeasonalNaive_52,1W,53.31,SeasonalNaive_52
0213880,82.244,LastNonZero,100.0,TwoStage_RF_Ridge,100.0,NaiveLastValue,100.0,NaiveLastValue,100.0,NaiveLastValue,1W,82.24,LastNonZero,1W,82.24,LastNonZero
0213881,79.134,LastNonZero,100.0,ZeroForecast,100.0,ZeroForecast,100.0,ZeroForecast,100.0,NaiveLastValue,1W,79.13,LastNonZero,1W,79.13,LastNonZero
0213882,66.086,LastNonZero,59.424,SeasonalNaive_52,20.092,SeasonalNaive_52,18.198,SeasonalNaive_52,18.198,SeasonalNaive_52,4W,20.09,SeasonalNaive_52,8W,18.2,SeasonalNaive_52
0213883,9.17,LastNonZero,98.242,Ridge,100.0,ZeroForecast,100.0,ZeroForecast,100.0,ZeroForecast,1W,9.17,LastNonZero,1W,9.17,LastNonZero
0213888,41.105,SBA_alpha_01,87.295,SBA_alpha_02,100.0,HuberRegressor,100.0,HuberRegressor,100.0,NaiveLastValue,1W,41.1,SBA_alpha_01,1W,41.1,SBA_alpha_01
0213889,43.528,LastNonZero,99.515,TwoStage_Logistic_Huber,100.0,sarima,100.0,ZeroForecast,100.0,NaiveLastValue,1W,43.53,LastNonZero,1W,43.53,LastNonZero
0213890,84.883,SBA_alpha_01,93.0,ExtraTreesRegressor,100.0,ZeroForecast,100.0,NaiveLastValue,100.0,NaiveLastValue,1W,84.88,SBA_alpha_01,1W,84.88,SBA_alpha_01
0213891,33.002,LastNonZero,59.66,TwoStage_Logistic_Huber,69.332,TwoStage_Logistic_Huber,69.332,TwoStage_Logistic_Huber,100.0,NaiveLastValue,1W,33.0,LastNonZero,1W,33.0,LastNonZero
0214170,54.6,LastNonZero,89.405,TwoStage_Logistic_Huber,95.386,TwoStage_Logistic_Huber,96.729,TwoStage_Logistic_Huber,100.0,NaiveLastValue,1W,54.6,LastNonZero,1W,54.6,LastNonZero
0214171,31.195,LastNonZero,100.0,NaiveLastValue,100.0,NaiveLastValue,100.0,NaiveLastValue,100.0,NaiveLastValue,1W,31.2,LastNonZero,1W,31.2,LastNonZero
0215988,34.668,SBA_alpha_02,100.0,NaiveLastValue,100.0,NaiveLastValue,100.0,NaiveLastValue,100.0,NaiveLastValue,1W,34.67,SBA_alpha_02,1W,34.67,SBA_alpha_02
0258255,49.759,LastNonZero,99.999,Ridge,100.0,NaiveLastValue,100.0,NaiveLastValue,100.0,NaiveLastValue,1W,49.76,LastNonZero,1W,49.76,LastNonZero
0270218,3.833,LastNonZero,100.0,NaiveLastValue,100.0,NaiveLastValue,100.0,NaiveLastValue,100.0,NaiveLastValue,1W,3.83,LastNonZero,1W,3.83,LastNonZero
0282700,43.915,SBA_alpha_01,87.929,TSB_01_01,100.0,ZeroForecast,100.0,ZeroForecast,100.0,ZeroForecast,1W,43.92,SBA_alpha_01,1W,43.92,SBA_alpha_01
0282703,6.25,LastNonZero,100.0,NaiveLastValue,100.0,NaiveLastValue,100.0,NaiveLastValue,100.0,NaiveLastValue,1W,6.25,LastNonZero,1W,6.25,LastNonZero
0282704,26.591,SBA_alpha_01,100.0,NaiveLastValue,100.0,NaiveLastValue,100.0,NaiveLastValue,100.0,NaiveLastValue,1W,26.59,SBA_alpha_01,1W,26.59,SBA_alpha_01
0282709,12.5,LastNonZero,100.0,NaiveLastValue,100.0,NaiveLastValue,100.0,NaiveLastValue,100.0,NaiveLastValue,1W,12.5,LastNonZero,1W,12.5,LastNonZero
0282710,12.5,LastNonZero,100.0,NaiveLastValue,100.0,NaiveLastValue,100.0,NaiveLastValue,100.0,NaiveLastValue,1W,12.5,LastNonZero,1W,12.5,LastNonZero
0282711,39.394,LastNonZero,100.0,MovingAverage_4,100.0,NaiveLastValue,100.0,NaiveLastValue,100.0,NaiveLastValue,1W,39.39,LastNonZero,1W,39.39,LastNonZero
0282712,45.714,LastNonZero,99.136,arima,100.0,ZeroForecast,100.0,ZeroForecast,100.0,ZeroForecast,1W,45.71,LastNonZero,1W,45.71,LastNonZero
0282713,9.231,LastNonZero,99.736,arima,100.0,NaiveLastValue,100.0,NaiveLastValue,100.0,ZeroForecast,1W,9.23,LastNonZero,1W,9.23,LastNonZero
0282714,6.25,LastNonZero,100.0,TSB_01_01,100.0,NaiveLastValue,100.0,NaiveLastValue,100.0,NaiveLastValue,1W,6.25,LastNonZero,1W,6.25,LastNonZero
0294622,57.076,LastNonZero,99.991,arima,100.0,NaiveLastValue,100.0,NaiveLastValue,100.0,NaiveLastValue,1W,57.08,LastNonZero,1W,57.08,LastNonZero
0302582,0.0,RandomForestRegressor,0.0,RandomForestRegressor,0.0,RandomForestRegressor,0.0,RandomForestRegressor,,,1W,0.0,RandomForestRegressor,1W,0.0,RandomForestRegressor
0302583,0.0,RandomForestRegressor,0.0,RandomForestRegressor,0.0,RandomForestRegressor,0.0,RandomForestRegressor,,,1W,0.0,RandomForestRegressor,1W,0.0,RandomForestRegressor
03930S10,46.217,LastNonZero,100.0,SBA_alpha_02,100.0,NaiveLastValue,100.0,NaiveLastValue,100.0,NaiveLastValue,1W,46.22,LastNonZero,1W,46.22,LastNonZero
03931S18,52.691,LastNonZero,100.0,SBA_alpha_01,100.0,NaiveLastValue,100.0,ZeroForecast,100.0,ZeroForecast,1W,52.69,LastNonZero,1W,52.69,LastNonZero
03932S15,59.016,CrostonStyle_alpha_02,100.0,NaiveLastValue,100.0,ZeroForecast,100.0,NaiveLastValue,100.0,ZeroForecast,1W,59.02,CrostonStyle_alpha_02,1W,59.02,CrostonStyle_alpha_02
03933P03,34.486,LastNonZero,66.515,SBA_alpha_02,100.0,ZeroForecast,100.0,ZeroForecast,100.0,ZeroForecast,1W,34.49,LastNonZero,1W,34.49,LastNonZero
03933S15,72.68,CrostonStyle,96.426,HuberRegressor,97.197,HuberRegressor,97.209,HuberRegressor,100.0,NaiveLastValue,1W,72.68,CrostonStyle,1W,72.68,CrostonStyle
1000911,21.739,RandomForestRegressor,32.654,SBA_alpha_01,29.487,SBA_alpha_01,,,,,1W,21.74,RandomForestRegressor,1W,21.74,RandomForestRegressor
1000913,16.463,MovingAverage_4,28.586,ADIDAStyle_4,24.75,TSB_02_02,22.41,TSB_02_02,31.589,SES,1W,16.46,MovingAverage_4,1W,16.46,MovingAverage_4
1000914,19.444,MovingAverage_4,29.944,RollingMedian_8,24.332,RollingMedian_8,27.268,SES,34.783,NaiveLastValue,1W,19.44,MovingAverage_4,1W,19.44,MovingAverage_4
104PMS25,43.137,LastNonZero,99.874,arima,100.0,NaiveLastValue,100.0,NaiveLastValue,100.0,NaiveLastValue,1W,43.14,LastNonZero,1W,43.14,LastNonZero
104PMSAQ,75.355,SBA_alpha_01,98.941,GradientBoostingRegressor,100.0,NaiveLastValue,100.0,NaiveLastValue,100.0,ZeroForecast,1W,75.36,SBA_alpha_01,1W,75.36,SBA_alpha_01
115PGS25,98.503,TSB_01_01,100.0,NaiveLastValue,100.0,NaiveLastValue,100.0,NaiveLastValue,100.0,NaiveLastValue,1W,98.5,TSB_01_01,1W,98.5,TSB_01_01
115PGSAQ,33.333,LastNonZero,99.976,arima,100.0,NaiveLastValue,100.0,NaiveLastValue,100.0,NaiveLastValue,1W,33.33,LastNonZero,1W,33.33,LastNonZero
11925,17.719,LastNonZero,99.997,Ridge,100.0,NaiveLastValue,100.0,NaiveLastValue,100.0,NaiveLastValue,1W,17.72,LastNonZero,1W,17.72,LastNonZero
11972,27.511,LastNonZero,99.969,arima,100.0,NaiveLastValue,100.0,NaiveLastValue,100.0,NaiveLastValue,1W,27.51,LastNonZero,1W,27.51,LastNonZero
11975,60.149,LastNonZero,100.0,NaiveLastValue,100.0,NaiveLastValue,100.0,NaiveLastValue,100.0,NaiveLastValue,1W,60.15,LastNonZero,1W,60.15,LastNonZero
11976,0.0,HistGradientBoostingRegressor,0.0,RandomForestRegressor,0.0,RandomForestRegressor,0.0,RandomForestRegressor,0.0,RandomForestRegressor,1W,0.0,HistGradientBoostingRegressor,1W,0.0,HistGradientBoostingRegressor
11977,70.026,LastNonZero,100.0,NaiveLastValue,100.0,NaiveLastValue,100.0,NaiveLastValue,100.0,NaiveLastValue,1W,70.03,LastNonZero,1W,70.03,LastNonZero
11978,0.0,ExtraTreesRegressor,0.0,ExtraTreesRegressor,0.0,ExtraTreesRegressor,0.0,RandomForestRegressor,0.0,RandomForestRegressor,1W,0.0,ExtraTreesRegressor,1W,0.0,ExtraTreesRegressor
11979,0.0,ExtraTreesRegressor,0.0,ExtraTreesRegressor,0.0,ExtraTreesRegressor,0.0,RandomForestRegressor,0.0,RandomForestRegressor,1W,0.0,ExtraTreesRegressor,1W,0.0,ExtraTreesRegressor
120PFS25,16.129,LastNonZero,99.826,arima,100.0,NaiveLastValue,100.0,NaiveLastValue,100.0,NaiveLastValue,1W,16.13,LastNonZero,1W,16.13,LastNonZero
120PFSAQ,88.0,RandomForestRegressor,99.778,sarima,100.0,NaiveLastValue,100.0,NaiveLastValue,100.0,ZeroForecast,1W,88.0,RandomForestRegressor,1W,88.0,RandomForestRegressor
120PGS25,18.947,LastNonZero,99.79,arima,100.0,HuberRegressor,100.0,HuberRegressor,100.0,NaiveLastValue,1W,18.95,LastNonZero,1W,18.95,LastNonZero
120PGSAQ,9.524,LastNonZero,99.818,arima,100.0,NaiveLastValue,100.0,NaiveLastValue,100.0,NaiveLastValue,1W,9.52,LastNonZero,1W,9.52,LastNonZero
120PMS25,0.0,GradientBoostingRegressor,0.0,GradientBoostingRegressor,0.0,GradientBoostingRegressor,0.0,RandomForestRegressor,0.0,RandomForestRegressor,1W,0.0,GradientBoostingRegressor,1W,0.0,GradientBoostingRegressor
144PGS25,67.506,SBA_alpha_01,83.333,ExtraTreesRegressor,96.342,GradientBoostingRegressor,96.404,GradientBoostingRegressor,100.0,sarima,1W,67.51,SBA_alpha_01,1W,67.51,SBA_alpha_01
144PGSAQ,54.902,LastNonZero,99.806,arima,100.0,HuberRegressor,100.0,HuberRegressor,100.0,NaiveLastValue,1W,54.9,LastNonZero,1W,54.9,LastNonZero
1470955,37.5,LastNonZero,69.231,RollingMedian_8,75.0,NaiveLastValue,64.11,Ridge,64.51,CrostonStyle,1W,37.5,LastNonZero,1W,37.5,LastNonZero
1470966,28.104,ADIDA_8,73.008,sarima,93.755,sarima,87.097,SeasonalNaive_52,96.089,SBA_alpha_02,1W,28.1,ADIDA_8,1W,28.1,ADIDA_8
1470992,56.0,LastNonZero,74.719,TwoStage_ET_ET,100.0,NaiveLastValue,100.0,ZeroForecast,100.0,ZeroForecast,1W,56.0,LastNonZero,1W,56.0,LastNonZero
1471006,28.509,SBA_alpha_01,100.0,ADIDAStyle_4,100.0,ZeroForecast,100.0,ZeroForecast,100.0,ZeroForecast,1W,28.51,SBA_alpha_01,1W,28.51,SBA_alpha_01
1471010,12.407,SBA_alpha_01,75.0,SBA_alpha_01,100.0,ZeroForecast,100.0,ZeroForecast,100.0,ZeroForecast,1W,12.41,SBA_alpha_01,1W,12.41,SBA_alpha_01
1665366,21.85,RandomForestRegressor,67.821,SBA_alpha_01,61.117,CrostonStyle_alpha_02,67.719,ADIDA_8,69.113,RandomForestRegressor,1W,21.85,RandomForestRegressor,1W,21.85,RandomForestRegressor
1665370,22.138,ETS,67.36,SBA_alpha_01,60.327,SBA_alpha_01,69.736,SBA_alpha_01,74.692,arima,1W,22.14,ETS,1W,22.14,ETS
1665381,18.137,arima,66.667,MovingAverage_8,56.863,RollingMedian_8,58.134,ADIDA_8,54.035,ADIDA_8,1W,18.14,arima,1W,18.14,arima
1836910,0.0,RandomForestRegressor,0.0,RandomForestRegressor,0.0,HistGradientBoostingRegressor,0.0,RandomForestRegressor,0.0,HistGradientBoostingRegressor,1W,0.0,RandomForestRegressor,1W,0.0,RandomForestRegressor
1836921,47.952,arima,68.142,RollingMedian_8,56.82,SES,54.512,CrostonStyle_alpha_02,60.44,Ridge,1W,47.95,arima,1W,47.95,arima
1836932,56.757,LastNonZero,88.999,SBA_alpha_02,79.037,SBA_alpha_01,64.724,CrostonStyle_alpha_02,46.035,RandomForestRegressor,13W,46.04,RandomForestRegressor,13W,46.04,RandomForestRegressor
1857823,20.363,sarima,33.745,sarima,69.896,CrostonStyle,52.58,CrostonStyle_alpha_02,59.791,RandomForestRegressor,1W,20.36,sarima,1W,20.36,sarima
1857834,43.047,HuberRegressor,52.941,RollingMedian_8,84.143,SBA_alpha_02,64.125,ADIDA_4,56.547,ADIDA_4,1W,43.05,HuberRegressor,1W,43.05,HuberRegressor
1872344,0.0,RandomForestRegressor,0.0,RandomForestRegressor,0.0,RandomForestRegressor,,,,,1W,0.0,RandomForestRegressor,1W,0.0,RandomForestRegressor
5758590,33.301,ADIDAStyle_4,43.327,ADIDAStyle_4,69.444,SeasonalNaive_52,100.0,ZeroForecast,100.0,ZeroForecast,1W,33.3,ADIDAStyle_4,1W,33.3,ADIDAStyle_4
5781163,46.154,RollingMedian_8,55.037,ADIDAStyle_4,89.66,SBA_alpha_01,100.0,ZeroForecast,100.0,ZeroForecast,1W,46.15,RollingMedian_8,1W,46.15,RollingMedian_8
5900855,24.499,MovingAverage_8,33.811,MovingAverage_8,33.17,ADIDA_8,24.127,MovingAverage_8,27.609,arima,1W,24.5,MovingAverage_8,8W,24.13,MovingAverage_8
5909591,24.849,ADIDA_4,38.851,ADIDA_4,38.165,ADIDA_4,34.172,ADIDA_8,38.103,Ridge,1W,24.85,ADIDA_4,1W,24.85,ADIDA_4
5912446,40.598,ADIDA_8,55.172,MovingAverage_8,47.535,ADIDA_8,36.582,ADIDA_8,35.104,arima,8W,36.58,ADIDA_8,13W,35.1,arima
6040248,65.382,ADIDAStyle_4,77.085,CrostonStyle,99.377,SBA_alpha_01,100.0,ZeroForecast,100.0,ZeroForecast,1W,65.38,ADIDAStyle_4,1W,65.38,ADIDAStyle_4
6040363,37.593,CrostonStyle,46.432,CrostonStyle_alpha_02,65.173,CrostonStyle_alpha_02,100.0,ZeroForecast,100.0,ZeroForecast,1W,37.59,CrostonStyle,1W,37.59,CrostonStyle
6040447,23.509,Ridge,37.701,HuberRegressor,62.916,RollingMedian_8,100.0,ZeroForecast,100.0,ZeroForecast,1W,23.51,Ridge,1W,23.51,Ridge
6040544,56.997,ADIDAStyle_4,65.122,CrostonStyle,84.138,SBA_alpha_01,100.0,ZeroForecast,100.0,ZeroForecast,1W,57.0,ADIDAStyle_4,1W,57.0,ADIDAStyle_4
6059538,39.706,CrostonStyle,45.161,CrostonStyle_alpha_02,63.883,SBA_alpha_02,100.0,ZeroForecast,100.0,ZeroForecast,1W,39.71,CrostonStyle,1W,39.71,CrostonStyle
6059551,37.959,ADIDAStyle_4,55.913,ADIDAStyle_4,88.832,CrostonStyle_alpha_02,100.0,ZeroForecast,100.0,ZeroForecast,1W,37.96,ADIDAStyle_4,1W,37.96,ADIDAStyle_4
6059623,15.151,TwoStage_ET_ET,31.659,MovingAverage_8,59.818,CrostonStyle_alpha_02,100.0,ZeroForecast,100.0,ZeroForecast,1W,15.15,TwoStage_ET_ET,1W,15.15,TwoStage_ET_ET
6059624,62.593,RecentWeightedAverage,90.805,CrostonStyle,100.0,ZeroForecast,100.0,ZeroForecast,100.0,ZeroForecast,1W,62.59,RecentWeightedAverage,1W,62.59,RecentWeightedAverage
6059625,54.65,ADIDA_8,70.494,CrostonStyle_alpha_02,100.0,ZeroForecast,100.0,ZeroForecast,100.0,ZeroForecast,1W,54.65,ADIDA_8,1W,54.65,ADIDA_8
6059635,60.183,HuberRegressor,84.398,SBA_alpha_01,97.171,SBA_alpha_01,100.0,ZeroForecast,100.0,ZeroForecast,1W,60.18,HuberRegressor,1W,60.18,HuberRegressor
62358816,0.0,RandomForestRegressor,0.0,HistGradientBoostingRegressor,0.0,HistGradientBoostingRegressor,0.0,RandomForestRegressor,0.0,RandomForestRegressor,1W,0.0,RandomForestRegressor,1W,0.0,RandomForestRegressor
62358817,0.0,RandomForestRegressor,0.0,HistGradientBoostingRegressor,0.0,HistGradientBoostingRegressor,0.0,RandomForestRegressor,0.0,RandomForestRegressor,1W,0.0,RandomForestRegressor,1W,0.0,RandomForestRegressor
62358818,0.0,ExtraTreesRegressor,0.0,ExtraTreesRegressor,0.0,RandomForestRegressor,0.0,RandomForestRegressor,0.0,ExtraTreesRegressor,1W,0.0,ExtraTreesRegressor,1W,0.0,ExtraTreesRegressor
62358819,0.0,RandomForestRegressor,0.0,HistGradientBoostingRegressor,0.0,HistGradientBoostingRegressor,0.0,RandomForestRegressor,0.0,RandomForestRegressor,1W,0.0,RandomForestRegressor,1W,0.0,RandomForestRegressor
62358820,0.0,ExtraTreesRegressor,0.0,RandomForestRegressor,0.0,RandomForestRegressor,0.0,RandomForestRegressor,0.0,RandomForestRegressor,1W,0.0,ExtraTreesRegressor,1W,0.0,ExtraTreesRegressor
62374173,0.0,ExtraTreesRegressor,0.0,ExtraTreesRegressor,0.0,RandomForestRegressor,0.0,RandomForestRegressor,0.0,RandomForestRegressor,1W,0.0,ExtraTreesRegressor,1W,0.0,ExtraTreesRegressor
62377319,0.0,RandomForestRegressor,0.0,ExtraTreesRegressor,0.0,ExtraTreesRegressor,0.0,RandomForestRegressor,0.0,HistGradientBoostingRegressor,1W,0.0,RandomForestRegressor,1W,0.0,RandomForestRegressor
62380041,0.0,RandomForestRegressor,0.0,ExtraTreesRegressor,0.0,ExtraTreesRegressor,0.0,RandomForestRegressor,0.0,HistGradientBoostingRegressor,1W,0.0,RandomForestRegressor,1W,0.0,RandomForestRegressor
62386229,0.0,ExtraTreesRegressor,0.0,ExtraTreesRegressor,0.0,ExtraTreesRegressor,0.0,ExtraTreesRegressor,0.0,RandomForestRegressor,1W,0.0,ExtraTreesRegressor,1W,0.0,ExtraTreesRegressor
62386230,0.0,ExtraTreesRegressor,0.0,ExtraTreesRegressor,0.0,ExtraTreesRegressor,0.0,RandomForestRegressor,0.0,RandomForestRegressor,1W,0.0,ExtraTreesRegressor,1W,0.0,ExtraTreesRegressor
62392849,0.0,ExtraTreesRegressor,0.0,ExtraTreesRegressor,0.0,RandomForestRegressor,0.0,RandomForestRegressor,0.0,RandomForestRegressor,1W,0.0,ExtraTreesRegressor,1W,0.0,ExtraTreesRegressor
62395661,0.0,ExtraTreesRegressor,0.0,ExtraTreesRegressor,0.0,RandomForestRegressor,0.0,RandomForestRegressor,0.0,RandomForestRegressor,1W,0.0,ExtraTreesRegressor,1W,0.0,ExtraTreesRegressor
62403877,0.0,RandomForestRegressor,0.0,ExtraTreesRegressor,0.0,ExtraTreesRegressor,0.0,RandomForestRegressor,0.0,HistGradientBoostingRegressor,1W,0.0,RandomForestRegressor,1W,0.0,RandomForestRegressor
62411601,0.0,ExtraTreesRegressor,0.0,ExtraTreesRegressor,0.0,RandomForestRegressor,0.0,HistGradientBoostingRegressor,0.0,RandomForestRegressor,1W,0.0,ExtraTreesRegressor,1W,0.0,ExtraTreesRegressor
62411602,0.0,ExtraTreesRegressor,0.0,ExtraTreesRegressor,0.0,RandomForestRegressor,0.0,HistGradientBoostingRegressor,0.0,RandomForestRegressor,1W,0.0,ExtraTreesRegressor,1W,0.0,ExtraTreesRegressor
62455363,0.0,RandomForestRegressor,0.0,RandomForestRegressor,0.0,RandomForestRegressor,0.0,HistGradientBoostingRegressor,0.0,RandomForestRegressor,1W,0.0,RandomForestRegressor,1W,0.0,RandomForestRegressor
62462134,0.0,ExtraTreesRegressor,0.0,RandomForestRegressor,0.0,RandomForestRegressor,0.0,RandomForestRegressor,0.0,RandomForestRegressor,1W,0.0,ExtraTreesRegressor,1W,0.0,ExtraTreesRegressor
62462135,0.0,ExtraTreesRegressor,0.0,RandomForestRegressor,0.0,RandomForestRegressor,0.0,RandomForestRegressor,0.0,RandomForestRegressor,1W,0.0,ExtraTreesRegressor,1W,0.0,ExtraTreesRegressor
62462136,0.0,RandomForestRegressor,0.0,RandomForestRegressor,0.0,RandomForestRegressor,0.0,RandomForestRegressor,0.0,RandomForestRegressor,1W,0.0,RandomForestRegressor,1W,0.0,RandomForestRegressor
62462141,0.0,ExtraTreesRegressor,0.0,RandomForestRegressor,0.0,RandomForestRegressor,0.0,RandomForestRegressor,0.0,RandomForestRegressor,1W,0.0,ExtraTreesRegressor,1W,0.0,ExtraTreesRegressor
62465871,0.0,ExtraTreesRegressor,0.0,RandomForestRegressor,0.0,HistGradientBoostingRegressor,0.0,RandomForestRegressor,0.0,RandomForestRegressor,1W,0.0,ExtraTreesRegressor,1W,0.0,ExtraTreesRegressor
62465872,0.0,RandomForestRegressor,0.0,RandomForestRegressor,0.0,HistGradientBoostingRegressor,0.0,RandomForestRegressor,0.0,RandomForestRegressor,1W,0.0,RandomForestRegressor,1W,0.0,RandomForestRegressor
62472212,0.0,ExtraTreesRegressor,0.0,HistGradientBoostingRegressor,0.0,RandomForestRegressor,0.0,RandomForestRegressor,0.0,RandomForestRegressor,1W,0.0,ExtraTreesRegressor,1W,0.0,ExtraTreesRegressor
62472213,0.0,ExtraTreesRegressor,0.0,HistGradientBoostingRegressor,0.0,RandomForestRegressor,0.0,RandomForestRegressor,0.0,RandomForestRegressor,1W,0.0,ExtraTreesRegressor,1W,0.0,ExtraTreesRegressor
62472214,0.0,RandomForestRegressor,0.0,HistGradientBoostingRegressor,0.0,RandomForestRegressor,0.0,RandomForestRegressor,0.0,RandomForestRegressor,1W,0.0,RandomForestRegressor,1W,0.0,RandomForestRegressor
62485007,0.0,ExtraTreesRegressor,0.0,RandomForestRegressor,0.0,RandomForestRegressor,0.0,RandomForestRegressor,0.0,RandomForestRegressor,1W,0.0,ExtraTreesRegressor,1W,0.0,ExtraTreesRegressor
62485008,0.0,RandomForestRegressor,0.0,RandomForestRegressor,0.0,HistGradientBoostingRegressor,0.0,RandomForestRegressor,0.0,RandomForestRegressor,1W,0.0,RandomForestRegressor,1W,0.0,RandomForestRegressor
62488660,0.0,RandomForestRegressor,0.0,HistGradientBoostingRegressor,0.0,RandomForestRegressor,0.0,RandomForestRegressor,0.0,RandomForestRegressor,1W,0.0,RandomForestRegressor,1W,0.0,RandomForestRegressor
62488661,0.0,RandomForestRegressor,0.0,HistGradientBoostingRegressor,0.0,RandomForestRegressor,0.0,RandomForestRegressor,0.0,RandomForestRegressor,1W,0.0,RandomForestRegressor,1W,0.0,RandomForestRegressor
62488662,0.0,RandomForestRegressor,0.0,HistGradientBoostingRegressor,0.0,RandomForestRegressor,0.0,RandomForestRegressor,0.0,RandomForestRegressor,1W,0.0,RandomForestRegressor,1W,0.0,RandomForestRegressor
62488663,0.0,RandomForestRegressor,0.0,HistGradientBoostingRegressor,0.0,RandomForestRegressor,0.0,RandomForestRegressor,0.0,ExtraTreesRegressor,1W,0.0,RandomForestRegressor,1W,0.0,RandomForestRegressor
62491872,0.0,HistGradientBoostingRegressor,0.0,RandomForestRegressor,0.0,RandomForestRegressor,0.0,HistGradientBoostingRegressor,0.0,RandomForestRegressor,1W,0.0,HistGradientBoostingRegressor,1W,0.0,HistGradientBoostingRegressor
62491874,0.0,HistGradientBoostingRegressor,0.0,RandomForestRegressor,0.0,RandomForestRegressor,0.0,HistGradientBoostingRegressor,0.0,RandomForestRegressor,1W,0.0,HistGradientBoostingRegressor,1W,0.0,HistGradientBoostingRegressor
62491879,0.0,HistGradientBoostingRegressor,0.0,RandomForestRegressor,0.0,RandomForestRegressor,0.0,HistGradientBoostingRegressor,0.0,ExtraTreesRegressor,1W,0.0,HistGradientBoostingRegressor,1W,0.0,HistGradientBoostingRegressor
62491908,0.0,HistGradientBoostingRegressor,0.0,RandomForestRegressor,0.0,RandomForestRegressor,0.0,HistGradientBoostingRegressor,0.0,RandomForestRegressor,1W,0.0,HistGradientBoostingRegressor,1W,0.0,HistGradientBoostingRegressor
62491910,0.0,HistGradientBoostingRegressor,0.0,RandomForestRegressor,0.0,RandomForestRegressor,0.0,HistGradientBoostingRegressor,0.0,ExtraTreesRegressor,1W,0.0,HistGradientBoostingRegressor,1W,0.0,HistGradientBoostingRegressor
62491911,0.0,RandomForestRegressor,0.0,RandomForestRegressor,0.0,RandomForestRegressor,0.0,HistGradientBoostingRegressor,0.0,RandomForestRegressor,1W,0.0,RandomForestRegressor,1W,0.0,RandomForestRegressor
62492031,0.0,HistGradientBoostingRegressor,0.0,RandomForestRegressor,0.0,RandomForestRegressor,0.0,HistGradientBoostingRegressor,0.0,RandomForestRegressor,1W,0.0,HistGradientBoostingRegressor,1W,0.0,HistGradientBoostingRegressor
62500219,0.0,RandomForestRegressor,0.0,RandomForestRegressor,0.0,RandomForestRegressor,0.0,RandomForestRegressor,0.0,ExtraTreesRegressor,1W,0.0,RandomForestRegressor,1W,0.0,RandomForestRegressor
62526863,0.0,HistGradientBoostingRegressor,0.0,RandomForestRegressor,0.0,RandomForestRegressor,0.0,ExtraTreesRegressor,0.0,ExtraTreesRegressor,1W,0.0,HistGradientBoostingRegressor,1W,0.0,HistGradientBoostingRegressor
62766887,0.0,RandomForestRegressor,0.0,RandomForestRegressor,0.0,RandomForestRegressor,0.0,RandomForestRegressor,0.0,RandomForestRegressor,1W,0.0,RandomForestRegressor,1W,0.0,RandomForestRegressor
62766888,0.0,RandomForestRegressor,0.0,RandomForestRegressor,0.0,RandomForestRegressor,0.0,RandomForestRegressor,0.0,RandomForestRegressor,1W,0.0,RandomForestRegressor,1W,0.0,RandomForestRegressor
62766889,0.0,RandomForestRegressor,0.0,RandomForestRegressor,0.0,RandomForestRegressor,0.0,RandomForestRegressor,0.0,RandomForestRegressor,1W,0.0,RandomForestRegressor,1W,0.0,RandomForestRegressor
700PGS25,22.5,LastNonZero,99.986,arima,100.0,NaiveLastValue,100.0,NaiveLastValue,100.0,NaiveLastValue,1W,22.5,LastNonZero,1W,22.5,LastNonZero
700PGSAQ,16.279,LastNonZero,99.864,arima,99.985,Ridge,100.0,NaiveLastValue,100.0,NaiveLastValue,1W,16.28,LastNonZero,1W,16.28,LastNonZero
730626,67.821,HistGradientBoostingRegressor,81.352,SBA_alpha_01,97.585,RollingMedian_8,100.0,ZeroForecast,100.0,ZeroForecast,1W,67.82,HistGradientBoostingRegressor,1W,67.82,HistGradientBoostingRegressor
7458070,60.205,SBA_alpha_02,93.503,SBA_alpha_02,100.0,ZeroForecast,100.0,ZeroForecast,100.0,ZeroForecast,1W,60.2,SBA_alpha_02,1W,60.2,SBA_alpha_02
7510921,9.91,arima,24.993,ADIDAStyle_4,51.598,ADIDAStyle_4,100.0,ZeroForecast,100.0,ZeroForecast,1W,9.91,arima,1W,9.91,arima
7510922,61.816,RandomForestRegressor,61.246,SeasonalNaive_52,89.996,SeasonalNaive_52,100.0,ZeroForecast,100.0,ZeroForecast,1W,61.82,RandomForestRegressor,2W,61.25,SeasonalNaive_52
8290076,47.35,HistGradientBoostingRegressor,68.978,ADIDA_8,60.557,ADIDA_8,45.697,MovingAverage_8,43.86,GradientBoostingRegressor,8W,45.7,MovingAverage_8,13W,43.86,GradientBoostingRegressor
8290077,38.642,TwoStage_ET_ET,57.412,TwoStage_RF_Ridge,81.041,TwoStage_RF_Ridge,100.0,ZeroForecast,100.0,ZeroForecast,1W,38.64,TwoStage_ET_ET,1W,38.64,TwoStage_ET_ET
8290131,57.503,HistGradientBoostingRegressor,63.636,MovingAverage_8,62.735,HistGradientBoostingRegressor,94.506,SBA_alpha_01,77.149,ADIDA_4,1W,57.5,HistGradientBoostingRegressor,1W,57.5,HistGradientBoostingRegressor
8290133,70.932,SBA_alpha_01,100.0,ZeroForecast,93.341,SBA_alpha_01,81.318,SBA_alpha_01,68.585,SES,1W,70.93,SBA_alpha_01,13W,68.58,SES
8290140,33.673,MovingAverage_8,48.034,MovingAverage_8,53.475,arima,81.428,ADIDA_8,68.138,ADIDA_4,1W,33.67,MovingAverage_8,1W,33.67,MovingAverage_8
8290144,24.097,TwoStage_RF_RF,42.857,SBA_alpha_02,49.929,SBA_alpha_02,99.776,ExtraTreesRegressor,90.914,SBA_alpha_02,1W,24.1,TwoStage_RF_RF,1W,24.1,TwoStage_RF_RF
8290150,43.132,MovingAverage_8,56.588,MovingAverage_8,51.667,ADIDAStyle_4,51.498,ETS,60.562,ADIDA_8,1W,43.13,MovingAverage_8,1W,43.13,MovingAverage_8
8290159,44.34,NaiveLastValue,66.407,GradientBoostingRegressor,78.376,GradientBoostingRegressor,96.394,GradientBoostingRegressor,100.0,ZeroForecast,1W,44.34,NaiveLastValue,1W,44.34,NaiveLastValue
8290219,63.636,SeasonalNaive_52,90.278,RollingMedian_8,84.406,SeasonalNaive_52,93.214,ExtraTreesRegressor,90.752,ADIDA_4,1W,63.64,SeasonalNaive_52,1W,63.64,SeasonalNaive_52
8290221,40.296,ETS,48.033,SBA_alpha_01,51.287,ETS,100.0,ZeroForecast,96.923,SBA_alpha_02,1W,40.3,ETS,1W,40.3,ETS
8290237,42.895,sarima,51.719,HistGradientBoostingRegressor,59.337,ADIDA_8,57.614,RandomForestRegressor,72.803,TwoStage_Logistic_Ridge,1W,42.9,sarima,1W,42.9,sarima
8290240,22.768,MovingAverage_8,31.633,MovingAverage_4,37.208,arima,61.781,arima,51.219,ADIDAStyle_4,1W,22.77,MovingAverage_8,1W,22.77,MovingAverage_8
8290243,69.339,TSB_01_01,66.17,TwoStage_Logistic_Huber,78.198,TwoStage_Logistic_Huber,100.0,ZeroForecast,91.779,TwoStage_ET_ET,2W,66.17,TwoStage_Logistic_Huber,2W,66.17,TwoStage_Logistic_Huber
8290268,35.514,TwoStage_RF_RF,56.656,ETS,64.467,SBA_alpha_01,60.841,RollingMedian_8,59.471,arima,1W,35.51,TwoStage_RF_RF,1W,35.51,TwoStage_RF_RF
873824,17.261,TwoStage_RF_Ridge,67.127,GradientBoostingRegressor,100.0,ZeroForecast,100.0,ZeroForecast,98.666,sarima,1W,17.26,TwoStage_RF_Ridge,1W,17.26,TwoStage_RF_Ridge
900483,33.119,TwoStage_RF_RF,48.533,SBA_alpha_02,66.691,SBA_alpha_02,100.0,ZeroForecast,100.0,ZeroForecast,1W,33.12,TwoStage_RF_RF,1W,33.12,TwoStage_RF_RF
997842,36.603,SBA_alpha_01,47.595,SBA_alpha_01,38.43,SBA_alpha_01,,,,,1W,36.6,SBA_alpha_01,1W,36.6,SBA_alpha_01
998196,24.555,TSBStyle_01_01,36.842,TSB_01_01,37.698,TSBStyle_01_01,38.522,ADIDAStyle_4,43.487,MovingAverage_8,1W,24.56,TSBStyle_01_01,1W,24.56,TSBStyle_01_01
999982,46.625,ADIDA_8,64.1,SBA_alpha_01,61.103,SBA_alpha_01,58.195,SBA_alpha_01,56.569,TSB_02_02,1W,46.62,ADIDA_8,1W,46.62,ADIDA_8
ABFNATUREADULT80,0.0,RandomForestRegressor,0.0,ExtraTreesRegressor,0.0,ExtraTreesRegressor,0.0,ExtraTreesRegressor,0.0,RandomForestRegressor,1W,0.0,RandomForestRegressor,1W,0.0,RandomForestRegressor
ABFNATUREAE80,0.0,RandomForestRegressor,0.0,ExtraTreesRegressor,0.0,ExtraTreesRegressor,0.0,ExtraTreesRegressor,0.0,RandomForestRegressor,1W,0.0,RandomForestRegressor,1W,0.0,RandomForestRegressor
ABFNATURECAT80,0.0,RandomForestRegressor,0.0,ExtraTreesRegressor,0.0,ExtraTreesRegressor,0.0,ExtraTreesRegressor,0.0,RandomForestRegressor,1W,0.0,RandomForestRegressor,1W,0.0,RandomForestRegressor
ABFNATUREJR80,0.0,RandomForestRegressor,0.0,ExtraTreesRegressor,0.0,ExtraTreesRegressor,0.0,ExtraTreesRegressor,0.0,RandomForestRegressor,1W,0.0,RandomForestRegressor,1W,0.0,RandomForestRegressor
ABFPREMIUMCF80,0.0,RandomForestRegressor,0.0,ExtraTreesRegressor,0.0,ExtraTreesRegressor,0.0,ExtraTreesRegressor,0.0,RandomForestRegressor,1W,0.0,RandomForestRegressor,1W,0.0,RandomForestRegressor
ABFPREMIUMGF80,0.0,RandomForestRegressor,0.0,ExtraTreesRegressor,0.0,ExtraTreesRegressor,0.0,ExtraTreesRegressor,0.0,RandomForestRegressor,1W,0.0,RandomForestRegressor,1W,0.0,RandomForestRegressor
ABFPREMIUMHIPO80,0.0,RandomForestRegressor,0.0,ExtraTreesRegressor,0.0,ExtraTreesRegressor,0.0,ExtraTreesRegressor,0.0,RandomForestRegressor,1W,0.0,RandomForestRegressor,1W,0.0,RandomForestRegressor
ABFPREMIUMRGCF80,0.0,RandomForestRegressor,0.0,ExtraTreesRegressor,0.0,ExtraTreesRegressor,0.0,ExtraTreesRegressor,0.0,RandomForestRegressor,1W,0.0,RandomForestRegressor,1W,0.0,RandomForestRegressor
ABFPREMIUMSA80,0.0,RandomForestRegressor,0.0,ExtraTreesRegressor,0.0,ExtraTreesRegressor,0.0,ExtraTreesRegressor,0.0,RandomForestRegressor,1W,0.0,RandomForestRegressor,1W,0.0,RandomForestRegressor
AENERGYPETPLUS80,63.309,LastNonZero,61.411,sarima,100.0,NaiveLastValue,100.0,NaiveLastValue,100.0,NaiveLastValue,1W,63.31,LastNonZero,2W,61.41,sarima
AGRIBARADULTO20,60.759,LastNonZero,81.579,HistGradientBoostingRegressor,80.913,HistGradientBoostingRegressor,100.0,NaiveLastValue,100.0,ZeroForecast,1W,60.76,LastNonZero,1W,60.76,LastNonZero
AGRIBARADULTO4,50.0,LastNonZero,61.6,ExtraTreesRegressor,2.667,ExtraTreesRegressor,82.301,GradientBoostingRegressor,84.0,ExtraTreesRegressor,4W,2.67,ExtraTreesRegressor,4W,2.67,ExtraTreesRegressor
AGRIBARAE20,55.043,LastNonZero,99.947,arima,100.0,NaiveLastValue,100.0,NaiveLastValue,100.0,NaiveLastValue,1W,55.04,LastNonZero,1W,55.04,LastNonZero
AGRIBARAEPREMIUM20,47.61,LastNonZero,95.481,SeasonalNaive_52,100.0,NaiveLastValue,100.0,NaiveLastValue,100.0,NaiveLastValue,1W,47.61,LastNonZero,1W,47.61,LastNonZero
AGRIBARGATO4,40.679,LastNonZero,86.275,SeasonalNaive_52,100.0,NaiveLastValue,100.0,NaiveLastValue,100.0,NaiveLastValue,1W,40.68,LastNonZero,1W,40.68,LastNonZero
AGRIBARJR20,34.266,LastNonZero,99.928,arima,100.0,NaiveLastValue,100.0,NaiveLastValue,100.0,NaiveLastValue,1W,34.27,LastNonZero,1W,34.27,LastNonZero
AGRIBARJR4,22.222,LastNonZero,99.934,arima,100.0,NaiveLastValue,100.0,NaiveLastValue,100.0,NaiveLastValue,1W,22.22,LastNonZero,1W,22.22,LastNonZero
AGRIBARREGULAR20,50.485,LastNonZero,70.822,TwoStage_Logistic_Huber,100.0,ETS,100.0,ZeroForecast,100.0,NaiveLastValue,1W,50.48,LastNonZero,1W,50.48,LastNonZero
AGRIVILMIX20,81.059,TwoStage_Logistic_Huber,40.0,SeasonalNaive_52,67.878,ExtraTreesRegressor,67.878,ExtraTreesRegressor,50.0,SeasonalNaive_52,2W,40.0,SeasonalNaive_52,2W,40.0,SeasonalNaive_52
AGUILARAE20,45.725,LastNonZero,95.636,TwoStage_Logistic_Huber,100.0,NaiveLastValue,100.0,ZeroForecast,100.0,ZeroForecast,1W,45.72,LastNonZero,1W,45.72,LastNonZero
AHAPPYAE80,89.136,SBA_alpha_01,100.0,MovingAverage_4,100.0,ZeroForecast,100.0,ZeroForecast,100.0,ZeroForecast,1W,89.14,SBA_alpha_01,1W,89.14,SBA_alpha_01
AHAPPYMEDADULTOSARDINHA70,86.076,HistGradientBoostingRegressor,98.098,SBA_alpha_02,100.0,ZeroForecast,100.0,ZeroForecast,100.0,ZeroForecast,1W,86.08,HistGradientBoostingRegressor,1W,86.08,HistGradientBoostingRegressor
ALIMERKAADULTO10,44.332,arima,81.507,arima,100.0,ZeroForecast,100.0,ZeroForecast,100.0,ZeroForecast,1W,44.33,arima,1W,44.33,arima
ALIMERKAADULTO4,36.14,arima,68.33,arima,100.0,ZeroForecast,100.0,ZeroForecast,100.0,ZeroForecast,1W,36.14,arima,1W,36.14,arima
ALIPETADULTO20,17.261,HistGradientBoostingRegressor,33.796,SBA_alpha_02,39.125,SBA_alpha_02,48.317,RollingMedian_8,44.729,MovingAverage_4,1W,17.26,HistGradientBoostingRegressor,1W,17.26,HistGradientBoostingRegressor
ALIPETADULTOCH20,0.0,ExtraTreesRegressor,0.0,ExtraTreesRegressor,0.0,ExtraTreesRegressor,0.0,ExtraTreesRegressor,0.0,ExtraTreesRegressor,1W,0.0,ExtraTreesRegressor,1W,0.0,ExtraTreesRegressor
ALIPETADULTOMBVG10,1.887,LastNonZero,100.0,NaiveLastValue,100.0,NaiveLastValue,100.0,NaiveLastValue,100.0,NaiveLastValue,1W,1.89,LastNonZero,1W,1.89,LastNonZero
ALIPETGATO20,11.685,HistGradientBoostingRegressor,30.468,HistGradientBoostingRegressor,29.073,HistGradientBoostingRegressor,28.903,arima,25.642,RandomForestRegressor,1W,11.68,HistGradientBoostingRegressor,1W,11.68,HistGradientBoostingRegressor
ALIPETGATOMB18,13.0,LastNonZero,69.219,GradientBoostingRegressor,100.0,NaiveLastValue,100.0,NaiveLastValue,100.0,NaiveLastValue,1W,13.0,LastNonZero,1W,13.0,LastNonZero
ALIPETGATOMIX20,19.162,Ridge,46.554,Ridge,65.662,HistGradientBoostingRegressor,84.823,TwoStage_RF_Ridge,94.604,SBA_alpha_02,1W,19.16,Ridge,1W,19.16,Ridge
ALIPETGATOP20,0.0,ExtraTreesRegressor,0.0,ExtraTreesRegressor,0.0,ExtraTreesRegressor,0.0,TwoStage_ET_ET,0.0,GradientBoostingRegressor,1W,0.0,ExtraTreesRegressor,1W,0.0,ExtraTreesRegressor
ALIPETMIX20,64.982,CrostonStyle_alpha_02,99.611,arima,100.0,NaiveLastValue,100.0,NaiveLastValue,100.0,NaiveLastValue,1W,64.98,CrostonStyle_alpha_02,1W,64.98,CrostonStyle_alpha_02
AMIGO10,36.585,SeasonalNaive_52,50.472,SeasonalNaive_52,42.731,SeasonalNaive_52,47.5,SeasonalNaive_52,52.869,ADIDA_8,1W,36.58,SeasonalNaive_52,1W,36.58,SeasonalNaive_52
AMIGO18,31.21,ADIDA_8,44.34,ADIDA_4,35.378,arima,44.958,ADIDA_8,49.015,ADIDA_4,1W,31.21,ADIDA_8,1W,31.21,ADIDA_8
AMIGO4,3.013,HuberRegressor,23.936,HuberRegressor,17.518,Ridge,31.33,Ridge,43.035,RandomForestRegressor,1W,3.01,HuberRegressor,1W,3.01,HuberRegressor
AMISTADCATMEAT20,99.998,TwoStage_Logistic_Huber,100.0,NaiveLastValue,100.0,NaiveLastValue,100.0,NaiveLastValue,100.0,NaiveLastValue,1W,100.0,TwoStage_Logistic_Huber,1W,100.0,TwoStage_Logistic_Huber
ANANDAAE18,55.532,HuberRegressor,63.52,SBA_alpha_02,59.756,SBA_alpha_02,59.73,HuberRegressor,59.055,TwoStage_RF_Ridge,1W,55.53,HuberRegressor,1W,55.53,HuberRegressor
ANANDAAEMB20PLM,14.815,LastNonZero,95.53,TwoStage_Logistic_Huber,100.0,ZeroForecast,91.209,HuberRegressor,100.0,ZeroForecast,1W,14.82,LastNonZero,1W,14.82,LastNonZero
ANANDAAEMV20HON,23.606,LastNonZero,61.538,SeasonalNaive_52,68.1,ExtraTreesRegressor,100.0,ZeroForecast,100.0,ZeroForecast,1W,23.61,LastNonZero,1W,23.61,LastNonZero
ANANDABASIC18,45.116,MovingAverage_4,84.743,arima,72.318,HuberRegressor,75.429,ADIDA_8,66.611,GradientBoostingRegressor,1W,45.12,MovingAverage_4,1W,45.12,MovingAverage_4
ANANDABASICHM18,0.0,GradientBoostingRegressor,0.0,GradientBoostingRegressor,0.0,GradientBoostingRegressor,0.0,GradientBoostingRegressor,0.0,GradientBoostingRegressor,1W,0.0,GradientBoostingRegressor,1W,0.0,GradientBoostingRegressor
ANANDABASICMB18,0.0,RandomForestRegressor,0.0,RandomForestRegressor,0.0,HistGradientBoostingRegressor,0.0,RandomForestRegressor,0.0,RandomForestRegressor,1W,0.0,RandomForestRegressor,1W,0.0,RandomForestRegressor
ANANDABASICMB18LCG,87.409,TSB_01_01,100.0,NaiveLastValue,100.0,NaiveLastValue,100.0,NaiveLastValue,100.0,NaiveLastValue,1W,87.41,TSB_01_01,1W,87.41,TSB_01_01
ANANDABASICMB20HON,12.903,LastNonZero,38.065,SeasonalNaive_52,16.129,SeasonalNaive_52,38.172,SeasonalNaive_52,52.786,SeasonalNaive_52,1W,12.9,LastNonZero,1W,12.9,LastNonZero
ANANDABASICMV18LCG,30.0,LastNonZero,100.0,NaiveLastValue,100.0,NaiveLastValue,100.0,NaiveLastValue,100.0,NaiveLastValue,1W,30.0,LastNonZero,1W,30.0,LastNonZero
ANANDABASICMV20JCR,100.0,RandomForestRegressor,100.0,NaiveLastValue,100.0,NaiveLastValue,100.0,NaiveLastValue,,,1W,100.0,RandomForestRegressor,1W,100.0,RandomForestRegressor
ANANDABASICMV20PLM,11.538,LastNonZero,89.975,TwoStage_Logistic_Huber,100.0,ZeroForecast,100.0,ZeroForecast,100.0,ZeroForecast,1W,11.54,LastNonZero,1W,11.54,LastNonZero
ANANDAGATO18,28.168,ETS,50.0,ETS,48.354,SeasonalNaive_52,62.791,arima,71.532,TwoStage_RF_Ridge,1W,28.17,ETS,1W,28.17,ETS
ANANDAGATOMB20HON,9.677,LastNonZero,99.461,arima,100.0,NaiveLastValue,100.0,ZeroForecast,100.0,ZeroForecast,1W,9.68,LastNonZero,1W,9.68,LastNonZero
ANANDAJR18,37.779,arima,58.685,TwoStage_RF_Ridge,53.2,TwoStage_RF_Ridge,74.533,TwoStage_Logistic_Huber,79.388,CrostonStyle,1W,37.78,arima,1W,37.78,arima
ANANDAJRMV20HON,90.667,RandomForestRegressor,97.284,Ridge,100.0,ZeroForecast,100.0,ZeroForecast,100.0,ZeroForecast,1W,90.67,RandomForestRegressor,1W,90.67,RandomForestRegressor
ARTIFACTCATKITTENMB20,0.0,ExtraTreesRegressor,0.0,ExtraTreesRegressor,0.0,ExtraTreesRegressor,0.0,RandomForestRegressor,0.0,GradientBoostingRegressor,1W,0.0,ExtraTreesRegressor,1W,0.0,ExtraTreesRegressor
ARTIFACTGATOCARNE10,28.392,SBA_alpha_02,100.0,NaiveLastValue,100.0,NaiveLastValue,100.0,NaiveLastValue,100.0,NaiveLastValue,1W,28.39,SBA_alpha_02,1W,28.39,SBA_alpha_02
ARTIFACTGATOCARNE20,63.049,ADIDA_8,92.512,HistGradientBoostingRegressor,100.0,ZeroForecast,100.0,ZeroForecast,100.0,ZeroForecast,1W,63.05,ADIDA_8,1W,63.05,ADIDA_8
ARTIFACTGATOMIX10,33.16,SBA_alpha_01,99.99,Ridge,100.0,HuberRegressor,100.0,HuberRegressor,100.0,NaiveLastValue,1W,33.16,SBA_alpha_01,1W,33.16,SBA_alpha_01
ARTIFACTGATOMIX20,47.552,arima,77.243,CrostonStyle_alpha_02,91.647,SBA_alpha_02,84.211,SBA_alpha_01,78.326,TSBStyle_01_01,1W,47.55,arima,1W,47.55,arima
ARTIFACTGATOPEIXE20,59.091,LastNonZero,57.999,HistGradientBoostingRegressor,67.882,HistGradientBoostingRegressor,100.0,NaiveLastValue,100.0,ZeroForecast,1W,59.09,LastNonZero,2W,58.0,HistGradientBoostingRegressor
