sku,horizon_days,best_model,wape,forecast_total,forecast_values,forecast_dates,grade,zero_wape_override,untrusted_zero_model,data_gap_periods,run_at,Horizon
02135041,2,MovingAverage_8,90.625,0.0,"[0.0, 0.0]","[""2026-07-16"", ""2026-07-17""]",Unreliable,0,,66.0,2026-07-15 13:18,2D
02135041,3,ZeroForecast,100.0,0.0,"[0.0, 0.0, 0.0]","[""2026-07-16"", ""2026-07-17"", ""2026-07-18""]",Unreliable,0,,66.0,2026-07-15 13:18,3D
0213876,2,arima,99.998,0.03771535052860607,"[0.018857675264303035, 0.018857675264303035]","[""2026-07-16"", ""2026-07-17""]",Unreliable,0,,66.0,2026-07-15 13:18,2D
0213876,3,HuberRegressor,100.0,0.0,"[0.0, 0.0, 0.0]","[""2026-07-16"", ""2026-07-17"", ""2026-07-18""]",Unreliable,0,,66.0,2026-07-15 13:18,3D
0061171,2,Ridge,99.999,2.2364356455867274,"[1.1182300575915338, 1.1182055879951938]","[""2026-07-16"", ""2026-07-17""]",Unreliable,0,,66.0,2026-07-15 13:18,2D
0061171,3,NaiveLastValue,100.0,0.0,"[0.0, 0.0, 0.0]","[""2026-07-16"", ""2026-07-17"", ""2026-07-18""]",Unreliable,0,,66.0,2026-07-15 13:18,3D
0213874,2,TwoStage_Logistic_Huber,100.0,6.157796557105021e-23,"[6.157796371416484e-23, 1.8568853732135185e-30]","[""2026-07-16"", ""2026-07-17""]",Unreliable,0,,66.0,2026-07-15 13:18,2D
0213874,3,HuberRegressor,99.997,0.030993556979362784,"[0.010331183933186744, 0.010331185659787594, 0.010331187386388444]","[""2026-07-16"", ""2026-07-17"", ""2026-07-18""]",Unreliable,0,,66.0,2026-07-15 13:18,3D
000966587,2,HistGradientBoostingRegressor,96.06,0.0,"[0.0, 0.0]","[""2026-07-16"", ""2026-07-17""]",Unreliable,0,,66.0,2026-07-15 13:18,2D
000966587,3,ZeroForecast,100.0,0.0,"[0.0, 0.0, 0.0]","[""2026-07-16"", ""2026-07-17"", ""2026-07-18""]",Unreliable,0,,66.0,2026-07-15 13:18,3D
0213875,2,sarima,99.775,0.0,"[0.0, 0.0]","[""2026-07-16"", ""2026-07-17""]",Unreliable,0,,66.0,2026-07-15 13:18,2D
0213875,3,HuberRegressor,99.992,0.0,"[0.0, 0.0, 0.0]","[""2026-07-16"", ""2026-07-17"", ""2026-07-18""]",Unreliable,0,,66.0,2026-07-15 13:18,3D
02033464,2,HistGradientBoostingRegressor,93.896,0.38310620490777325,"[0.17287809135876442, 0.21022811354900886]","[""2026-07-16"", ""2026-07-17""]",Unreliable,0,,66.0,2026-07-15 13:18,2D
02033464,3,ZeroForecast,100.0,0.0,"[0.0, 0.0, 0.0]","[""2026-07-16"", ""2026-07-17"", ""2026-07-18""]",Unreliable,0,,66.0,2026-07-15 13:18,3D
0213878,2,ExtraTreesRegressor,86.824,0.0,"[0.0, 0.0]","[""2026-07-16"", ""2026-07-17""]",Unreliable,0,,66.0,2026-07-15 13:18,2D
0213878,3,ExtraTreesRegressor,95.333,0.0,"[0.0, 0.0, 0.0]","[""2026-07-16"", ""2026-07-17"", ""2026-07-18""]",Unreliable,0,,66.0,2026-07-15 13:18,3D
0213880,2,GradientBoostingRegressor,100.0,0.002125929438974449,"[0.0010629647194872246, 0.0010629647194872246]","[""2026-07-16"", ""2026-07-17""]",Unreliable,0,,66.0,2026-07-15 13:18,2D
0213880,3,NaiveLastValue,100.0,0.0,"[0.0, 0.0, 0.0]","[""2026-07-16"", ""2026-07-17"", ""2026-07-18""]",Unreliable,0,,66.0,2026-07-15 13:18,3D
0213877,2,NaiveLastValue,100.0,0.0,"[0.0, 0.0]","[""2026-07-16"", ""2026-07-17""]",Unreliable,0,,66.0,2026-07-15 13:18,2D
0213877,3,ExtraTreesRegressor,100.0,0.0,"[0.0, 0.0, 0.0]","[""2026-07-16"", ""2026-07-17"", ""2026-07-18""]",Unreliable,0,,66.0,2026-07-15 13:18,3D
0213879,2,CrostonStyle_alpha_02,97.985,1.0324779871420204,"[0.5162389935710102, 0.5162389935710102]","[""2026-07-16"", ""2026-07-17""]",Unreliable,0,,66.0,2026-07-15 13:18,2D
0213879,3,HuberRegressor,100.0,0.0,"[0.0, 0.0, 0.0]","[""2026-07-16"", ""2026-07-17"", ""2026-07-18""]",Unreliable,0,,66.0,2026-07-15 13:18,3D
0213882,2,Ridge,100.0,6.6869841985706024,"[3.3430911945705484, 3.343893004000054]","[""2026-07-16"", ""2026-07-17""]",Unreliable,0,,66.0,2026-07-15 13:18,2D
0213882,3,NaiveLastValue,100.0,0.0,"[0.0, 0.0, 0.0]","[""2026-07-16"", ""2026-07-17"", ""2026-07-18""]",Unreliable,0,,66.0,2026-07-15 13:18,3D
0213888,2,arima,99.994,0.020982011031907784,"[0.010491005515953892, 0.010491005515953892]","[""2026-07-16"", ""2026-07-17""]",Unreliable,0,,66.0,2026-07-15 13:18,2D
0213888,3,NaiveLastValue,100.0,0.0,"[0.0, 0.0, 0.0]","[""2026-07-16"", ""2026-07-17"", ""2026-07-18""]",Unreliable,0,,66.0,2026-07-15 13:18,3D
0213881,2,SBA_alpha_01,97.808,0.5612595035753779,"[0.28062975178768895, 0.28062975178768895]","[""2026-07-16"", ""2026-07-17""]",Unreliable,0,,66.0,2026-07-15 13:18,2D
0213881,3,HuberRegressor,99.979,0.0,"[0.0, 0.0, 0.0]","[""2026-07-16"", ""2026-07-17"", ""2026-07-18""]",Unreliable,0,,66.0,2026-07-15 13:18,3D
0213883,2,arima,99.996,0.4286093774935557,"[0.21430468874677785, 0.21430468874677785]","[""2026-07-16"", ""2026-07-17""]",Unreliable,0,,66.0,2026-07-15 13:18,2D
0213883,3,NaiveLastValue,100.0,0.0,"[0.0, 0.0, 0.0]","[""2026-07-16"", ""2026-07-17"", ""2026-07-18""]",Unreliable,0,,66.0,2026-07-15 13:18,3D
0213889,2,MovingAverage_8,100.0,0.0,"[0.0, 0.0]","[""2026-07-16"", ""2026-07-17""]",Unreliable,0,,66.0,2026-07-15 13:18,2D
0213889,3,NaiveLastValue,100.0,0.0,"[0.0, 0.0, 0.0]","[""2026-07-16"", ""2026-07-17"", ""2026-07-18""]",Unreliable,0,,66.0,2026-07-15 13:18,3D
0214170,2,arima,99.996,0.2060170304993598,"[0.1030085152496799, 0.1030085152496799]","[""2026-07-16"", ""2026-07-17""]",Unreliable,0,,66.0,2026-07-15 13:18,2D
0214170,3,HuberRegressor,100.0,9.066796697309589e-08,"[4.5296967947185194e-08, 4.53709990259107e-08, 0.0]","[""2026-07-16"", ""2026-07-17"", ""2026-07-18""]",Unreliable,0,,66.0,2026-07-15 13:18,3D
0214171,2,SBA_alpha_01,100.0,0.1736948341352241,"[0.08684741706761205, 0.08684741706761205]","[""2026-07-16"", ""2026-07-17""]",Unreliable,0,,66.0,2026-07-15 13:18,2D
0214171,3,NaiveLastValue,100.0,0.0,"[0.0, 0.0, 0.0]","[""2026-07-16"", ""2026-07-17"", ""2026-07-18""]",Unreliable,0,,66.0,2026-07-15 13:18,3D
0213890,2,arima,100.0,0.034922439218981194,"[0.017461219609490597, 0.017461219609490597]","[""2026-07-16"", ""2026-07-17""]",Unreliable,0,,66.0,2026-07-15 13:18,2D
0213890,3,HuberRegressor,100.0,1.1313287748377987e-09,"[5.65263910304965e-10, 5.660648645328337e-10, 0.0]","[""2026-07-16"", ""2026-07-17"", ""2026-07-18""]",Unreliable,0,,66.0,2026-07-15 13:18,3D
0213891,2,RandomForestRegressor,98.642,0.0,"[0.0, 0.0]","[""2026-07-16"", ""2026-07-17""]",Unreliable,0,,66.0,2026-07-15 13:18,2D
0213891,3,NaiveLastValue,100.0,0.0,"[0.0, 0.0, 0.0]","[""2026-07-16"", ""2026-07-17"", ""2026-07-18""]",Unreliable,0,,66.0,2026-07-15 13:18,3D
02153311,2,,,,,,No Model,0,,,2026-07-15 14:03,2D
02153311,3,,,,,,No Model,0,,,2026-07-15 14:03,3D
02153322,2,,,,,,No Model,0,,,2026-07-15 14:03,2D
02153322,3,,,,,,No Model,0,,,2026-07-15 14:03,3D
0282709,2,NaiveLastValue,100.0,0.0,"[0.0, 0.0]","[""2026-07-16"", ""2026-07-17""]",Unreliable,0,,66.0,2026-07-15 14:03,2D
0282709,3,NaiveLastValue,100.0,0.0,"[0.0, 0.0, 0.0]","[""2026-07-16"", ""2026-07-17"", ""2026-07-18""]",Unreliable,0,,66.0,2026-07-15 14:03,3D
0282700,2,RandomForestRegressor,97.716,0.0,"[0.0, 0.0]","[""2026-07-16"", ""2026-07-17""]",Unreliable,0,,66.0,2026-07-15 14:03,2D
0282700,3,HuberRegressor,99.963,0.04779061522288244,"[0.015930205077124834, 0.01593020487015604, 0.015930205275601565]","[""2026-07-16"", ""2026-07-17"", ""2026-07-18""]",Unreliable,0,,66.0,2026-07-15 14:03,3D
0282704,2,NaiveLastValue,100.0,0.0,"[0.0, 0.0]","[""2026-07-16"", ""2026-07-17""]",Unreliable,0,,66.0,2026-07-15 14:03,2D
0282704,3,NaiveLastValue,100.0,0.0,"[0.0, 0.0, 0.0]","[""2026-07-16"", ""2026-07-17"", ""2026-07-18""]",Unreliable,0,,66.0,2026-07-15 14:03,3D
0215988,2,NaiveLastValue,100.0,0.0,"[0.0, 0.0]","[""2026-07-16"", ""2026-07-17""]",Unreliable,0,,66.0,2026-07-15 14:03,2D
0215988,3,NaiveLastValue,100.0,0.0,"[0.0, 0.0, 0.0]","[""2026-07-16"", ""2026-07-17"", ""2026-07-18""]",Unreliable,0,,66.0,2026-07-15 14:03,3D
0282703,2,SBA_alpha_01,100.0,0.16247903340440653,"[0.08123951670220327, 0.08123951670220327]","[""2026-07-16"", ""2026-07-17""]",Unreliable,0,,66.0,2026-07-15 14:03,2D
0282703,3,NaiveLastValue,100.0,0.0,"[0.0, 0.0, 0.0]","[""2026-07-16"", ""2026-07-17"", ""2026-07-18""]",Unreliable,0,,66.0,2026-07-15 14:03,3D
0282710,2,NaiveLastValue,100.0,0.0,"[0.0, 0.0]","[""2026-07-16"", ""2026-07-17""]",Unreliable,0,,66.0,2026-07-15 14:03,2D
0282710,3,NaiveLastValue,100.0,0.0,"[0.0, 0.0, 0.0]","[""2026-07-16"", ""2026-07-17"", ""2026-07-18""]",Unreliable,0,,66.0,2026-07-15 14:03,3D
0270218,2,arima,66.358,0.0,"[0.0, 0.0]","[""2026-07-16"", ""2026-07-17""]",Poor,0,,66.0,2026-07-15 14:03,2D
0270218,3,ZeroForecast,100.0,0.0,"[0.0, 0.0, 0.0]","[""2026-07-16"", ""2026-07-17"", ""2026-07-18""]",Unreliable,0,,66.0,2026-07-15 14:03,3D
0282714,2,NaiveLastValue,100.0,0.0,"[0.0, 0.0]","[""2026-07-16"", ""2026-07-17""]",Unreliable,0,,66.0,2026-07-15 14:03,2D
0282714,3,NaiveLastValue,100.0,0.0,"[0.0, 0.0, 0.0]","[""2026-07-16"", ""2026-07-17"", ""2026-07-18""]",Unreliable,0,,66.0,2026-07-15 14:03,3D
0302582,2,RandomForestRegressor,0.0,0.0,"[0.0, 0.0]","[""2026-07-16"", ""2026-07-17""]",Excellent,1,NaiveLastValue,66.0,2026-07-15 14:03,2D
0302582,3,RandomForestRegressor,0.0,0.0,"[0.0, 0.0, 0.0]","[""2026-07-16"", ""2026-07-17"", ""2026-07-18""]",Excellent,1,NaiveLastValue,66.0,2026-07-15 14:03,3D
0302583,2,RandomForestRegressor,0.0,0.0,"[0.0, 0.0]","[""2026-07-16"", ""2026-07-17""]",Excellent,1,NaiveLastValue,66.0,2026-07-15 14:03,2D
0302583,3,RandomForestRegressor,0.0,0.0,"[0.0, 0.0, 0.0]","[""2026-07-16"", ""2026-07-17"", ""2026-07-18""]",Excellent,1,NaiveLastValue,66.0,2026-07-15 14:03,3D
03930S10,2,SBA_alpha_02,100.0,0.8508539325842696,"[0.4254269662921348, 0.4254269662921348]","[""2026-07-16"", ""2026-07-17""]",Unreliable,0,,66.0,2026-07-15 14:03,2D
03930S10,3,NaiveLastValue,100.0,0.0,"[0.0, 0.0, 0.0]","[""2026-07-16"", ""2026-07-17"", ""2026-07-18""]",Unreliable,0,,66.0,2026-07-15 14:03,3D
0282711,2,arima,99.999,0.2302798701555246,"[0.1151399350777623, 0.1151399350777623]","[""2026-07-16"", ""2026-07-17""]",Unreliable,0,,66.0,2026-07-15 14:03,2D
0282711,3,HuberRegressor,100.0,0.0,"[0.0, 0.0, 0.0]","[""2026-07-16"", ""2026-07-17"", ""2026-07-18""]",Unreliable,0,,66.0,2026-07-15 14:03,3D
0282713,2,arima,99.996,0.3169405986841626,"[0.1584702993420813, 0.1584702993420813]","[""2026-07-16"", ""2026-07-17""]",Unreliable,0,,66.0,2026-07-15 14:03,2D
0282713,3,NaiveLastValue,100.0,0.0,"[0.0, 0.0, 0.0]","[""2026-07-16"", ""2026-07-17"", ""2026-07-18""]",Unreliable,0,,66.0,2026-07-15 14:03,3D
0294622,2,arima,99.966,0.17397048325412137,"[0.08698524162706069, 0.08698524162706069]","[""2026-07-16"", ""2026-07-17""]",Unreliable,0,,66.0,2026-07-15 14:03,2D
0294622,3,NaiveLastValue,100.0,0.0,"[0.0, 0.0, 0.0]","[""2026-07-16"", ""2026-07-17"", ""2026-07-18""]",Unreliable,0,,66.0,2026-07-15 14:03,3D
1000911,2,SBA_alpha_01,92.298,3.8614810291304846,"[1.9307405145652423, 1.9307405145652423]","[""2026-07-16"", ""2026-07-17""]",Unreliable,0,,66.0,2026-07-15 14:03,2D
1000911,3,ZeroForecast,100.0,0.0,"[0.0, 0.0, 0.0]","[""2026-07-16"", ""2026-07-17"", ""2026-07-18""]",Unreliable,0,,66.0,2026-07-15 14:03,3D
0258255,2,arima,100.0,0.07263334239386353,"[0.036316671196931764, 0.036316671196931764]","[""2026-07-16"", ""2026-07-17""]",Unreliable,0,,66.0,2026-07-15 14:03,2D
0258255,3,NaiveLastValue,100.0,0.0,"[0.0, 0.0, 0.0]","[""2026-07-16"", ""2026-07-17"", ""2026-07-18""]",Unreliable,0,,66.0,2026-07-15 14:03,3D
1000913,2,SeasonalNaive_52,53.261,0.0,"[0.0, 0.0]","[""2026-07-16"", ""2026-07-17""]",Fair,0,,66.0,2026-07-15 14:03,2D
1000913,3,SeasonalNaive_52,48.515,0.0,"[0.0, 0.0, 0.0]","[""2026-07-16"", ""2026-07-17"", ""2026-07-18""]",Fair,0,,66.0,2026-07-15 14:03,3D
1000914,2,TwoStage_Logistic_Huber,80.171,8.179171570569828,"[4.086562155622058, 4.092609414947771]","[""2026-07-16"", ""2026-07-17""]",Unreliable,0,,66.0,2026-07-15 14:03,2D
1000914,3,Ridge,81.161,3.8089025535840046,"[1.2506153248881013, 1.2696929475523855, 1.2885942811435178]","[""2026-07-16"", ""2026-07-17"", ""2026-07-18""]",Unreliable,0,,66.0,2026-07-15 14:03,3D
03931S18,2,arima,99.989,0.9194633423533002,"[0.4597316711766501, 0.4597316711766501]","[""2026-07-16"", ""2026-07-17""]",Unreliable,0,,66.0,2026-07-15 14:03,2D
03931S18,3,NaiveLastValue,100.0,0.0,"[0.0, 0.0, 0.0]","[""2026-07-16"", ""2026-07-17"", ""2026-07-18""]",Unreliable,0,,66.0,2026-07-15 14:03,3D
03932S15,2,arima,99.999,0.35204138066115936,"[0.17602069033057968, 0.17602069033057968]","[""2026-07-16"", ""2026-07-17""]",Unreliable,0,,66.0,2026-07-15 14:03,2D
03932S15,3,HuberRegressor,100.0,1.7464878038931487e-05,"[5.8215882561664945e-06, 5.821626012977163e-06, 5.8216637697878294e-06]","[""2026-07-16"", ""2026-07-17"", ""2026-07-18""]",Unreliable,0,,66.0,2026-07-15 14:03,3D
0282712,2,TwoStage_ET_ET,98.454,0.15565798287877794,"[0.07774477889036288, 0.07791320398841506]","[""2026-07-16"", ""2026-07-17""]",Unreliable,0,,66.0,2026-07-15 14:03,2D
0282712,3,NaiveLastValue,100.0,0.0,"[0.0, 0.0, 0.0]","[""2026-07-16"", ""2026-07-17"", ""2026-07-18""]",Unreliable,0,,66.0,2026-07-15 14:03,3D
03933P03,2,ExtraTreesRegressor,88.877,0.0,"[0.0, 0.0]","[""2026-07-16"", ""2026-07-17""]",Unreliable,0,,66.0,2026-07-15 14:03,2D
03933P03,3,GradientBoostingRegressor,90.446,6.029445698332513,"[3.3374505431252035, 2.691993943125204, 1.2120821056427566e-06]","[""2026-07-16"", ""2026-07-17"", ""2026-07-18""]",Unreliable,0,,66.0,2026-07-15 14:03,3D
03933S15,2,arima,99.999,0.23669987728209793,"[0.11834993864104897, 0.11834993864104897]","[""2026-07-16"", ""2026-07-17""]",Unreliable,0,,66.0,2026-07-15 14:03,2D
03933S15,3,NaiveLastValue,100.0,0.0,"[0.0, 0.0, 0.0]","[""2026-07-16"", ""2026-07-17"", ""2026-07-18""]",Unreliable,0,,66.0,2026-07-15 14:03,3D
115PGS25,2,NaiveLastValue,100.0,0.0,"[0.0, 0.0]","[""2026-07-16"", ""2026-07-17""]",Unreliable,0,,66.0,2026-07-15 14:03,2D
115PGS25,3,NaiveLastValue,100.0,0.0,"[0.0, 0.0, 0.0]","[""2026-07-16"", ""2026-07-17"", ""2026-07-18""]",Unreliable,0,,66.0,2026-07-15 14:03,3D
11975,2,CrostonStyle_alpha_02,60.149,0.17687169042769857,"[0.08843584521384928, 0.08843584521384928]","[""2026-07-16"", ""2026-07-17""]",Poor,0,,66.0,2026-07-15 14:03,2D
11975,3,CrostonStyle_alpha_02,87.014,0.26530753564154785,"[0.08843584521384928, 0.08843584521384928, 0.08843584521384928]","[""2026-07-16"", ""2026-07-17"", ""2026-07-18""]",Unreliable,0,,66.0,2026-07-15 14:03,3D
11976,2,ExtraTreesRegressor,0.0,0.0,"[0.0, 0.0]","[""2026-07-16"", ""2026-07-17""]",Excellent,1,NaiveLastValue,66.0,2026-07-15 14:03,2D
11976,3,ExtraTreesRegressor,0.0,0.0,"[0.0, 0.0, 0.0]","[""2026-07-16"", ""2026-07-17"", ""2026-07-18""]",Excellent,1,NaiveLastValue,66.0,2026-07-15 14:03,3D
11977,2,LastNonZero,70.026,11.898,"[5.949, 5.949]","[""2026-07-16"", ""2026-07-17""]",Poor,0,,66.0,2026-07-15 14:03,2D
11977,3,CrostonStyle_alpha_02,90.589,0.7687538860103628,"[0.2562512953367876, 0.2562512953367876, 0.2562512953367876]","[""2026-07-16"", ""2026-07-17"", ""2026-07-18""]",Unreliable,0,,66.0,2026-07-15 14:03,3D
11925,2,Ridge,100.0,0.0,"[0.0, 0.0]","[""2026-07-16"", ""2026-07-17""]",Unreliable,0,,66.0,2026-07-15 14:03,2D
11925,3,NaiveLastValue,100.0,0.0,"[0.0, 0.0, 0.0]","[""2026-07-16"", ""2026-07-17"", ""2026-07-18""]",Unreliable,0,,66.0,2026-07-15 14:03,3D
11972,2,ExtraTreesRegressor,98.109,0.0,"[0.0, 0.0]","[""2026-07-16"", ""2026-07-17""]",Unreliable,0,,66.0,2026-07-15 14:03,2D
11972,3,ZeroForecast,100.0,0.0,"[0.0, 0.0, 0.0]","[""2026-07-16"", ""2026-07-17"", ""2026-07-18""]",Unreliable,0,,66.0,2026-07-15 14:03,3D
11978,2,ExtraTreesRegressor,0.0,0.0,"[0.0, 0.0]","[""2026-07-16"", ""2026-07-17""]",Excellent,1,NaiveLastValue,66.0,2026-07-15 14:03,2D
11978,3,ExtraTreesRegressor,0.0,0.0,"[0.0, 0.0, 0.0]","[""2026-07-16"", ""2026-07-17"", ""2026-07-18""]",Excellent,1,NaiveLastValue,66.0,2026-07-15 14:03,3D
11979,2,ExtraTreesRegressor,0.0,0.0,"[0.0, 0.0]","[""2026-07-16"", ""2026-07-17""]",Excellent,1,NaiveLastValue,66.0,2026-07-15 14:03,2D
11979,3,ExtraTreesRegressor,0.0,0.0,"[0.0, 0.0, 0.0]","[""2026-07-16"", ""2026-07-17"", ""2026-07-18""]",Excellent,1,NaiveLastValue,66.0,2026-07-15 14:03,3D
115PGSAQ,2,arima,100.0,0.0011215537633442246,"[0.0005607768816721123, 0.0005607768816721123]","[""2026-07-16"", ""2026-07-17""]",Unreliable,0,,66.0,2026-07-15 14:03,2D
115PGSAQ,3,HuberRegressor,100.0,1.202105764844575e-07,"[6.005523274310527e-08, 6.015534374135222e-08, 0.0]","[""2026-07-16"", ""2026-07-17"", ""2026-07-18""]",Unreliable,0,,66.0,2026-07-15 14:03,3D
104PMS25,2,arima,99.998,0.004051736864493138,"[0.002025868432246569, 0.002025868432246569]","[""2026-07-16"", ""2026-07-17""]",Unreliable,0,,66.0,2026-07-15 14:03,2D
104PMS25,3,NaiveLastValue,100.0,0.0,"[0.0, 0.0, 0.0]","[""2026-07-16"", ""2026-07-17"", ""2026-07-18""]",Unreliable,0,,66.0,2026-07-15 14:03,3D
120PMS25,2,ExtraTreesRegressor,0.0,0.0,"[0.0, 0.0]","[""2026-07-16"", ""2026-07-17""]",Excellent,1,NaiveLastValue,66.0,2026-07-15 14:03,2D
120PMS25,3,GradientBoostingRegressor,0.0,0.0,"[0.0, 0.0, 0.0]","[""2026-07-16"", ""2026-07-17"", ""2026-07-18""]",Excellent,1,NaiveLastValue,66.0,2026-07-15 14:03,3D
104PMSAQ,2,arima,99.996,0.003950398970576107,"[0.0019751994852880536, 0.0019751994852880536]","[""2026-07-16"", ""2026-07-17""]",Unreliable,0,,66.0,2026-07-15 14:03,2D
104PMSAQ,3,NaiveLastValue,100.0,0.0,"[0.0, 0.0, 0.0]","[""2026-07-16"", ""2026-07-17"", ""2026-07-18""]",Unreliable,0,,66.0,2026-07-15 14:03,3D
120PFS25,2,arima,99.997,0.007083626983177993,"[0.0035418134915889965, 0.0035418134915889965]","[""2026-07-16"", ""2026-07-17""]",Unreliable,0,,66.0,2026-07-15 14:03,2D
120PFS25,3,HuberRegressor,100.0,4.682051872407025e-09,"[2.3395873346124154e-09, 2.3424645377946097e-09, 0.0]","[""2026-07-16"", ""2026-07-17"", ""2026-07-18""]",Unreliable,0,,66.0,2026-07-15 14:03,3D
120PGS25,2,arima,99.996,0.010216781097996324,"[0.005108390548998162, 0.005108390548998162]","[""2026-07-16"", ""2026-07-17""]",Unreliable,0,,66.0,2026-07-15 14:03,2D
120PGS25,3,NaiveLastValue,100.0,0.0,"[0.0, 0.0, 0.0]","[""2026-07-16"", ""2026-07-17"", ""2026-07-18""]",Unreliable,0,,66.0,2026-07-15 14:03,3D
1470955,2,SeasonalNaive_52,70.0,0.0,"[0.0, 0.0]","[""2026-07-16"", ""2026-07-17""]",Poor,0,,66.0,2026-07-15 14:03,2D
1470955,3,SeasonalNaive_52,60.0,0.0,"[0.0, 0.0, 0.0]","[""2026-07-16"", ""2026-07-17"", ""2026-07-18""]",Poor,0,,66.0,2026-07-15 14:03,3D
144PGS25,2,arima,100.0,0.0030926317965347286,"[0.0015463158982673643, 0.0015463158982673643]","[""2026-07-16"", ""2026-07-17""]",Unreliable,0,,66.0,2026-07-15 14:03,2D
144PGS25,3,NaiveLastValue,100.0,0.0,"[0.0, 0.0, 0.0]","[""2026-07-16"", ""2026-07-17"", ""2026-07-18""]",Unreliable,0,,66.0,2026-07-15 14:03,3D
120PGSAQ,2,arima,99.997,0.0022464206605779372,"[0.0011232103302889686, 0.0011232103302889686]","[""2026-07-16"", ""2026-07-17""]",Unreliable,0,,66.0,2026-07-15 14:03,2D
120PGSAQ,3,NaiveLastValue,100.0,0.0,"[0.0, 0.0, 0.0]","[""2026-07-16"", ""2026-07-17"", ""2026-07-18""]",Unreliable,0,,66.0,2026-07-15 14:03,3D
1471006,2,Ridge,99.99,0.04312182230395459,"[0.021582974007893857, 0.021538848296060727]","[""2026-07-16"", ""2026-07-17""]",Unreliable,0,,66.0,2026-07-15 14:03,2D
1471006,3,NaiveLastValue,100.0,0.0,"[0.0, 0.0, 0.0]","[""2026-07-16"", ""2026-07-17"", ""2026-07-18""]",Unreliable,0,,66.0,2026-07-15 14:03,3D
1471010,2,HuberRegressor,85.054,0.0,"[0.0, 0.0]","[""2026-07-16"", ""2026-07-17""]",Unreliable,0,,66.0,2026-07-15 14:03,2D
1471010,3,NaiveLastValue,100.0,0.0,"[0.0, 0.0, 0.0]","[""2026-07-16"", ""2026-07-17"", ""2026-07-18""]",Unreliable,0,,66.0,2026-07-15 14:03,3D
144PGSAQ,2,arima,99.997,0.001157243242104314,"[0.000578621621052157, 0.000578621621052157]","[""2026-07-16"", ""2026-07-17""]",Unreliable,0,,66.0,2026-07-15 14:03,2D
144PGSAQ,3,NaiveLastValue,100.0,0.0,"[0.0, 0.0, 0.0]","[""2026-07-16"", ""2026-07-17"", ""2026-07-18""]",Unreliable,0,,66.0,2026-07-15 14:03,3D
1836910,2,ExtraTreesRegressor,0.0,0.0,"[0.0, 0.0]","[""2026-07-16"", ""2026-07-17""]",Excellent,1,NaiveLastValue,66.0,2026-07-15 14:03,2D
1836910,3,ExtraTreesRegressor,0.0,0.0,"[0.0, 0.0, 0.0]","[""2026-07-16"", ""2026-07-17"", ""2026-07-18""]",Excellent,1,NaiveLastValue,66.0,2026-07-15 14:03,3D
1470992,2,GradientBoostingRegressor,87.402,0.6106101616808024,"[0.31336075042504913, 0.2972494112557532]","[""2026-07-16"", ""2026-07-17""]",Unreliable,0,,66.0,2026-07-15 14:03,2D
1470992,3,ZeroForecast,100.0,0.0,"[0.0, 0.0, 0.0]","[""2026-07-16"", ""2026-07-17"", ""2026-07-18""]",Unreliable,0,,66.0,2026-07-15 14:03,3D
1470966,2,GradientBoostingRegressor,93.927,0.0,"[0.0, 0.0]","[""2026-07-16"", ""2026-07-17""]",Unreliable,0,,66.0,2026-07-15 14:03,2D
1470966,3,ZeroForecast,100.0,0.0,"[0.0, 0.0, 0.0]","[""2026-07-16"", ""2026-07-17"", ""2026-07-18""]",Unreliable,0,,66.0,2026-07-15 14:03,3D
1665366,2,SeasonalNaive_52,57.143,2.16,"[2.16, 0.0]","[""2026-07-16"", ""2026-07-17""]",Poor,0,,66.0,2026-07-15 14:03,2D
1665366,3,ZeroForecast,100.0,0.0,"[0.0, 0.0, 0.0]","[""2026-07-16"", ""2026-07-17"", ""2026-07-18""]",Unreliable,0,,66.0,2026-07-15 14:03,3D
120PFSAQ,2,arima,99.998,0.0021648859802269457,"[0.0010824429901134728, 0.0010824429901134728]","[""2026-07-16"", ""2026-07-17""]",Unreliable,0,,66.0,2026-07-15 14:03,2D
120PFSAQ,3,NaiveLastValue,100.0,0.0,"[0.0, 0.0, 0.0]","[""2026-07-16"", ""2026-07-17"", ""2026-07-18""]",Unreliable,0,,66.0,2026-07-15 14:03,3D
1665370,2,SeasonalNaive_52,66.667,1.2,"[1.2, 0.0]","[""2026-07-16"", ""2026-07-17""]",Poor,0,,66.0,2026-07-15 14:03,2D
1665370,3,ZeroForecast,100.0,0.0,"[0.0, 0.0, 0.0]","[""2026-07-16"", ""2026-07-17"", ""2026-07-18""]",Unreliable,0,,66.0,2026-07-15 14:03,3D
1665381,2,SeasonalNaive_52,89.474,3.2,"[3.2, 0.0]","[""2026-07-16"", ""2026-07-17""]",Unreliable,0,,66.0,2026-07-15 14:03,2D
1665381,3,ZeroForecast,100.0,0.0,"[0.0, 0.0, 0.0]","[""2026-07-16"", ""2026-07-17"", ""2026-07-18""]",Unreliable,0,,66.0,2026-07-15 14:03,3D
1872344,2,RandomForestRegressor,0.0,0.0,"[0.0, 0.0]","[""2026-07-16"", ""2026-07-17""]",Excellent,1,NaiveLastValue,66.0,2026-07-15 14:03,2D
1872344,3,RandomForestRegressor,0.0,0.0,"[0.0, 0.0, 0.0]","[""2026-07-16"", ""2026-07-17"", ""2026-07-18""]",Excellent,1,NaiveLastValue,66.0,2026-07-15 14:03,3D
1857823,2,HuberRegressor,100.0,1.5409000631654843e-09,"[7.776858466775318e-10, 7.632142164879525e-10]","[""2026-07-16"", ""2026-07-17""]",Unreliable,0,,66.0,2026-07-15 14:03,2D
1857823,3,NaiveLastValue,100.0,0.0,"[0.0, 0.0, 0.0]","[""2026-07-16"", ""2026-07-17"", ""2026-07-18""]",Unreliable,0,,66.0,2026-07-15 14:03,3D
1836921,2,TwoStage_ET_ET,86.198,1.4597830156788043,"[0.7320601102389048, 0.7277229054398996]","[""2026-07-16"", ""2026-07-17""]",Unreliable,0,,66.0,2026-07-15 14:03,2D
1836921,3,ZeroForecast,100.0,0.0,"[0.0, 0.0, 0.0]","[""2026-07-16"", ""2026-07-17"", ""2026-07-18""]",Unreliable,0,,66.0,2026-07-15 14:03,3D
1836932,2,SeasonalNaive_52,90.0,1.92,"[1.92, 0.0]","[""2026-07-16"", ""2026-07-17""]",Unreliable,0,,66.0,2026-07-15 14:03,2D
1836932,3,ExtraTreesRegressor,94.444,1.8304000000000002,"[0.7808000000000002, 0.7808000000000002, 0.2688]","[""2026-07-16"", ""2026-07-17"", ""2026-07-18""]",Unreliable,0,,66.0,2026-07-15 14:03,3D
5913013,2,,,,,,No Model,0,,,2026-07-15 14:03,2D
5913013,3,,,,,,No Model,0,,,2026-07-15 14:03,3D
1857834,2,sarima,99.991,1.4827953008732348e-187,"[7.413976503806309e-188, 7.413976504926037e-188]","[""2026-07-16"", ""2026-07-17""]",Unreliable,0,,66.0,2026-07-15 14:03,2D
1857834,3,NaiveLastValue,100.0,0.0,"[0.0, 0.0, 0.0]","[""2026-07-16"", ""2026-07-17"", ""2026-07-18""]",Unreliable,0,,66.0,2026-07-15 14:03,3D
5781163,2,HistGradientBoostingRegressor,53.791,3.888956758858481e-06,"[1.9444783794292405e-06, 1.9444783794292405e-06]","[""2026-07-16"", ""2026-07-17""]",Fair,0,,66.0,2026-07-15 14:03,2D
5781163,3,HistGradientBoostingRegressor,86.971,5.833435138287722e-06,"[1.9444783794292405e-06, 1.9444783794292405e-06, 1.9444783794292405e-06]","[""2026-07-16"", ""2026-07-17"", ""2026-07-18""]",Unreliable,0,,66.0,2026-07-15 14:03,3D
5758590,2,arima,69.554,0.00012355445670433505,"[6.177722835216753e-05, 6.177722835216753e-05]","[""2026-07-16"", ""2026-07-17""]",Poor,0,,66.0,2026-07-15 14:03,2D
5758590,3,arima,87.839,0.00018533168505650258,"[6.177722835216753e-05, 6.177722835216753e-05, 6.177722835216753e-05]","[""2026-07-16"", ""2026-07-17"", ""2026-07-18""]",Unreliable,0,,66.0,2026-07-15 14:03,3D
5909591,2,RollingMedian_8,81.395,1.28,"[0.64, 0.64]","[""2026-07-16"", ""2026-07-17""]",Unreliable,0,,66.0,2026-07-15 14:03,2D
5909591,3,SeasonalNaive_52,85.0,0.64,"[0.64, 0.0, 0.0]","[""2026-07-16"", ""2026-07-17"", ""2026-07-18""]",Unreliable,0,,66.0,2026-07-15 14:03,3D
5912446,2,ZeroForecast,100.0,0.0,"[0.0, 0.0]","[""2026-07-16"", ""2026-07-17""]",Unreliable,0,,66.0,2026-07-15 14:03,2D
5912446,3,ZeroForecast,100.0,0.0,"[0.0, 0.0, 0.0]","[""2026-07-16"", ""2026-07-17"", ""2026-07-18""]",Unreliable,0,,66.0,2026-07-15 14:03,3D
6040363,2,NaiveLastValue,100.0,0.0,"[0.0, 0.0]","[""2026-07-16"", ""2026-07-17""]",Unreliable,0,,66.0,2026-07-15 14:03,2D
6040363,3,ZeroForecast,100.0,0.0,"[0.0, 0.0, 0.0]","[""2026-07-16"", ""2026-07-17"", ""2026-07-18""]",Unreliable,0,,66.0,2026-07-15 14:03,3D
6040248,2,SeasonalNaive_52,33.683,0.0,"[0.0, 0.0]","[""2026-07-16"", ""2026-07-17""]",Good,0,,66.0,2026-07-15 14:03,2D
6040248,3,SeasonalNaive_52,81.818,0.0,"[0.0, 0.0, 0.0]","[""2026-07-16"", ""2026-07-17"", ""2026-07-18""]",Unreliable,0,,66.0,2026-07-15 14:03,3D
6040447,2,sarima,89.754,0.0,"[0.0, 0.0]","[""2026-07-16"", ""2026-07-17""]",Unreliable,0,,66.0,2026-07-15 14:03,2D
6040447,3,NaiveLastValue,100.0,0.0,"[0.0, 0.0, 0.0]","[""2026-07-16"", ""2026-07-17"", ""2026-07-18""]",Unreliable,0,,66.0,2026-07-15 14:03,3D
6040544,2,SeasonalNaive_52,86.957,0.0,"[0.0, 0.0]","[""2026-07-16"", ""2026-07-17""]",Unreliable,0,,66.0,2026-07-15 14:03,2D
6040544,3,ZeroForecast,100.0,0.0,"[0.0, 0.0, 0.0]","[""2026-07-16"", ""2026-07-17"", ""2026-07-18""]",Unreliable,0,,66.0,2026-07-15 14:03,3D
6059538,2,Ridge,93.752,0.0,"[0.0, 0.0]","[""2026-07-16"", ""2026-07-17""]",Unreliable,0,,66.0,2026-07-15 14:03,2D
6059538,3,ZeroForecast,100.0,0.0,"[0.0, 0.0, 0.0]","[""2026-07-16"", ""2026-07-17"", ""2026-07-18""]",Unreliable,0,,66.0,2026-07-15 14:03,3D
6059623,2,TwoStage_RF_RF,85.652,1.2130173319404312,"[0.6066316952180593, 0.6063856367223719]","[""2026-07-16"", ""2026-07-17""]",Unreliable,0,,66.0,2026-07-15 14:03,2D
6059623,3,TwoStage_ET_ET,91.71,1.7248038862020798,"[0.5758686540796225, 0.5736606326186252, 0.5752745995038322]","[""2026-07-16"", ""2026-07-17"", ""2026-07-18""]",Unreliable,0,,66.0,2026-07-15 14:03,3D
6059551,2,SES,94.575,1.6189844704371477e-52,"[8.094922352185739e-53, 8.094922352185739e-53]","[""2026-07-16"", ""2026-07-17""]",Unreliable,0,,66.0,2026-07-15 14:03,2D
6059551,3,ZeroForecast,100.0,0.0,"[0.0, 0.0, 0.0]","[""2026-07-16"", ""2026-07-17"", ""2026-07-18""]",Unreliable,0,,66.0,2026-07-15 14:03,3D
6059624,2,arima,79.768,0.01455910192708967,"[0.007279550963544835, 0.007279550963544835]","[""2026-07-16"", ""2026-07-17""]",Unreliable,0,,66.0,2026-07-15 14:03,2D
6059624,3,arima,92.271,0.021838652890634504,"[0.007279550963544835, 0.007279550963544835, 0.007279550963544835]","[""2026-07-16"", ""2026-07-17"", ""2026-07-18""]",Unreliable,0,,66.0,2026-07-15 14:03,3D
62358816,2,RandomForestRegressor,0.0,0.0,"[0.0, 0.0]","[""2026-07-16"", ""2026-07-17""]",Excellent,1,NaiveLastValue,66.0,2026-07-15 14:03,2D
62358816,3,TwoStage_ET_ET,0.0,3.871494422178273e-183,"[1.290498140726091e-183, 1.290498140726091e-183, 1.290498140726091e-183]","[""2026-07-16"", ""2026-07-17"", ""2026-07-18""]",Excellent,1,NaiveLastValue,66.0,2026-07-15 14:03,3D
62358817,2,RandomForestRegressor,0.0,0.0,"[0.0, 0.0]","[""2026-07-16"", ""2026-07-17""]",Excellent,1,NaiveLastValue,66.0,2026-07-15 14:03,2D
62358817,3,RandomForestRegressor,0.0,0.0,"[0.0, 0.0, 0.0]","[""2026-07-16"", ""2026-07-17"", ""2026-07-18""]",Excellent,1,NaiveLastValue,66.0,2026-07-15 14:03,3D
62358818,2,ExtraTreesRegressor,0.0,0.0,"[0.0, 0.0]","[""2026-07-16"", ""2026-07-17""]",Excellent,1,NaiveLastValue,66.0,2026-07-15 14:03,2D
62358818,3,ExtraTreesRegressor,0.0,0.0,"[0.0, 0.0, 0.0]","[""2026-07-16"", ""2026-07-17"", ""2026-07-18""]",Excellent,1,NaiveLastValue,66.0,2026-07-15 14:03,3D
6059625,2,TwoStage_RF_Ridge,90.524,0.35318049707826826,"[0.17684146132017445, 0.1763390357580938]","[""2026-07-16"", ""2026-07-17""]",Unreliable,0,,66.0,2026-07-15 14:03,2D
6059625,3,NaiveLastValue,100.0,0.0,"[0.0, 0.0, 0.0]","[""2026-07-16"", ""2026-07-17"", ""2026-07-18""]",Unreliable,0,,66.0,2026-07-15 14:03,3D
5900855,2,ADIDA_8,60.209,75.98826489821495,"[37.994132449107475, 37.994132449107475]","[""2026-07-16"", ""2026-07-17""]",Poor,0,,66.0,2026-07-15 14:03,2D
5900855,3,HuberRegressor,70.926,95.10308164570242,"[31.91966497143862, 31.886159935959025, 31.297256738304778]","[""2026-07-16"", ""2026-07-17"", ""2026-07-18""]",Poor,0,,66.0,2026-07-15 14:03,3D
62358819,2,RandomForestRegressor,0.0,0.0,"[0.0, 0.0]","[""2026-07-16"", ""2026-07-17""]",Excellent,1,NaiveLastValue,66.0,2026-07-15 14:03,2D
62358819,3,RandomForestRegressor,0.0,0.0,"[0.0, 0.0, 0.0]","[""2026-07-16"", ""2026-07-17"", ""2026-07-18""]",Excellent,1,NaiveLastValue,66.0,2026-07-15 14:03,3D
62358820,2,RandomForestRegressor,0.0,0.0,"[0.0, 0.0]","[""2026-07-16"", ""2026-07-17""]",Excellent,1,NaiveLastValue,66.0,2026-07-15 14:03,2D
62358820,3,TwoStage_ET_ET,0.0,2.1512363299549838e-182,"[7.170787766516613e-183, 7.170787766516613e-183, 7.170787766516613e-183]","[""2026-07-16"", ""2026-07-17"", ""2026-07-18""]",Excellent,1,NaiveLastValue,66.0,2026-07-15 14:03,3D
62374173,2,ExtraTreesRegressor,0.0,0.0,"[0.0, 0.0]","[""2026-07-16"", ""2026-07-17""]",Excellent,1,NaiveLastValue,66.0,2026-07-15 14:03,2D
62374173,3,ExtraTreesRegressor,0.0,0.0,"[0.0, 0.0, 0.0]","[""2026-07-16"", ""2026-07-17"", ""2026-07-18""]",Excellent,1,NaiveLastValue,66.0,2026-07-15 14:03,3D
6059635,2,sarima,48.487,0.0,"[0.0, 0.0]","[""2026-07-16"", ""2026-07-17""]",Fair,0,,66.0,2026-07-15 14:03,2D
6059635,3,sarima,52.363,0.0,"[0.0, 0.0, 0.0]","[""2026-07-16"", ""2026-07-17"", ""2026-07-18""]",Fair,0,,66.0,2026-07-15 14:03,3D
62380041,2,ExtraTreesRegressor,0.0,0.0,"[0.0, 0.0]","[""2026-07-16"", ""2026-07-17""]",Excellent,1,NaiveLastValue,66.0,2026-07-15 14:03,2D
62380041,3,ExtraTreesRegressor,0.0,0.0,"[0.0, 0.0, 0.0]","[""2026-07-16"", ""2026-07-17"", ""2026-07-18""]",Excellent,1,NaiveLastValue,66.0,2026-07-15 14:03,3D
62377319,2,ExtraTreesRegressor,0.0,0.0,"[0.0, 0.0]","[""2026-07-16"", ""2026-07-17""]",Excellent,1,NaiveLastValue,66.0,2026-07-15 14:03,2D
62377319,3,ExtraTreesRegressor,0.0,0.0,"[0.0, 0.0, 0.0]","[""2026-07-16"", ""2026-07-17"", ""2026-07-18""]",Excellent,1,NaiveLastValue,66.0,2026-07-15 14:03,3D
62386230,2,ExtraTreesRegressor,0.0,0.0,"[0.0, 0.0]","[""2026-07-16"", ""2026-07-17""]",Excellent,1,NaiveLastValue,66.0,2026-07-15 14:03,2D
62386230,3,ExtraTreesRegressor,0.0,0.0,"[0.0, 0.0, 0.0]","[""2026-07-16"", ""2026-07-17"", ""2026-07-18""]",Excellent,1,NaiveLastValue,66.0,2026-07-15 14:03,3D
62392849,2,ExtraTreesRegressor,0.0,0.0,"[0.0, 0.0]","[""2026-07-16"", ""2026-07-17""]",Excellent,1,NaiveLastValue,66.0,2026-07-15 14:03,2D
62392849,3,ExtraTreesRegressor,0.0,0.0,"[0.0, 0.0, 0.0]","[""2026-07-16"", ""2026-07-17"", ""2026-07-18""]",Excellent,1,NaiveLastValue,66.0,2026-07-15 14:03,3D
62395661,2,ExtraTreesRegressor,0.0,0.0,"[0.0, 0.0]","[""2026-07-16"", ""2026-07-17""]",Excellent,1,NaiveLastValue,66.0,2026-07-15 14:03,2D
62395661,3,ExtraTreesRegressor,0.0,0.0,"[0.0, 0.0, 0.0]","[""2026-07-16"", ""2026-07-17"", ""2026-07-18""]",Excellent,1,NaiveLastValue,66.0,2026-07-15 14:03,3D
62403877,2,ExtraTreesRegressor,0.0,0.0,"[0.0, 0.0]","[""2026-07-16"", ""2026-07-17""]",Excellent,1,NaiveLastValue,66.0,2026-07-15 14:03,2D
62403877,3,ExtraTreesRegressor,0.0,0.0,"[0.0, 0.0, 0.0]","[""2026-07-16"", ""2026-07-17"", ""2026-07-18""]",Excellent,1,NaiveLastValue,66.0,2026-07-15 14:03,3D
62411602,2,ExtraTreesRegressor,0.0,0.0,"[0.0, 0.0]","[""2026-07-16"", ""2026-07-17""]",Excellent,1,NaiveLastValue,66.0,2026-07-15 14:03,2D
62411602,3,ExtraTreesRegressor,0.0,0.0,"[0.0, 0.0, 0.0]","[""2026-07-16"", ""2026-07-17"", ""2026-07-18""]",Excellent,1,NaiveLastValue,66.0,2026-07-15 14:03,3D
62411601,2,ExtraTreesRegressor,0.0,0.0,"[0.0, 0.0]","[""2026-07-16"", ""2026-07-17""]",Excellent,1,NaiveLastValue,66.0,2026-07-15 14:03,2D
62411601,3,ExtraTreesRegressor,0.0,0.0,"[0.0, 0.0, 0.0]","[""2026-07-16"", ""2026-07-17"", ""2026-07-18""]",Excellent,1,NaiveLastValue,66.0,2026-07-15 14:03,3D
62386229,2,ExtraTreesRegressor,0.0,0.0,"[0.0, 0.0]","[""2026-07-16"", ""2026-07-17""]",Excellent,1,NaiveLastValue,66.0,2026-07-15 14:03,2D
62386229,3,ExtraTreesRegressor,0.0,0.0,"[0.0, 0.0, 0.0]","[""2026-07-16"", ""2026-07-17"", ""2026-07-18""]",Excellent,1,NaiveLastValue,66.0,2026-07-15 14:03,3D
62455363,2,ExtraTreesRegressor,0.0,0.0,"[0.0, 0.0]","[""2026-07-16"", ""2026-07-17""]",Excellent,1,NaiveLastValue,66.0,2026-07-15 14:03,2D
62455363,3,ExtraTreesRegressor,0.0,0.0,"[0.0, 0.0, 0.0]","[""2026-07-16"", ""2026-07-17"", ""2026-07-18""]",Excellent,1,NaiveLastValue,66.0,2026-07-15 14:03,3D
62462134,2,ExtraTreesRegressor,0.0,0.0,"[0.0, 0.0]","[""2026-07-16"", ""2026-07-17""]",Excellent,1,NaiveLastValue,66.0,2026-07-15 14:03,2D
62462134,3,ExtraTreesRegressor,0.0,0.0,"[0.0, 0.0, 0.0]","[""2026-07-16"", ""2026-07-17"", ""2026-07-18""]",Excellent,1,NaiveLastValue,66.0,2026-07-15 14:03,3D
62462135,2,ExtraTreesRegressor,0.0,0.0,"[0.0, 0.0]","[""2026-07-16"", ""2026-07-17""]",Excellent,1,NaiveLastValue,66.0,2026-07-15 14:03,2D
62462135,3,ExtraTreesRegressor,0.0,0.0,"[0.0, 0.0, 0.0]","[""2026-07-16"", ""2026-07-17"", ""2026-07-18""]",Excellent,1,NaiveLastValue,66.0,2026-07-15 14:03,3D
62462136,2,ExtraTreesRegressor,0.0,0.0,"[0.0, 0.0]","[""2026-07-16"", ""2026-07-17""]",Excellent,1,NaiveLastValue,66.0,2026-07-15 14:03,2D
62462136,3,ExtraTreesRegressor,0.0,0.0,"[0.0, 0.0, 0.0]","[""2026-07-16"", ""2026-07-17"", ""2026-07-18""]",Excellent,1,NaiveLastValue,66.0,2026-07-15 14:03,3D
62462141,2,ExtraTreesRegressor,0.0,0.0,"[0.0, 0.0]","[""2026-07-16"", ""2026-07-17""]",Excellent,1,NaiveLastValue,66.0,2026-07-15 14:03,2D
62462141,3,ExtraTreesRegressor,0.0,0.0,"[0.0, 0.0, 0.0]","[""2026-07-16"", ""2026-07-17"", ""2026-07-18""]",Excellent,1,NaiveLastValue,66.0,2026-07-15 14:03,3D
62465871,2,ExtraTreesRegressor,0.0,0.0,"[0.0, 0.0]","[""2026-07-16"", ""2026-07-17""]",Excellent,1,NaiveLastValue,66.0,2026-07-15 14:03,2D
62465871,3,ExtraTreesRegressor,0.0,0.0,"[0.0, 0.0, 0.0]","[""2026-07-16"", ""2026-07-17"", ""2026-07-18""]",Excellent,1,NaiveLastValue,66.0,2026-07-15 14:03,3D
62472212,2,ExtraTreesRegressor,0.0,0.0,"[0.0, 0.0]","[""2026-07-16"", ""2026-07-17""]",Excellent,1,NaiveLastValue,66.0,2026-07-15 14:03,2D
62472212,3,ExtraTreesRegressor,0.0,0.0,"[0.0, 0.0, 0.0]","[""2026-07-16"", ""2026-07-17"", ""2026-07-18""]",Excellent,1,NaiveLastValue,66.0,2026-07-15 14:03,3D
62472213,2,ExtraTreesRegressor,0.0,0.0,"[0.0, 0.0]","[""2026-07-16"", ""2026-07-17""]",Excellent,1,NaiveLastValue,66.0,2026-07-15 14:03,2D
62472213,3,ExtraTreesRegressor,0.0,0.0,"[0.0, 0.0, 0.0]","[""2026-07-16"", ""2026-07-17"", ""2026-07-18""]",Excellent,1,NaiveLastValue,66.0,2026-07-15 14:03,3D
62472214,2,ExtraTreesRegressor,0.0,0.0,"[0.0, 0.0]","[""2026-07-16"", ""2026-07-17""]",Excellent,1,NaiveLastValue,66.0,2026-07-15 14:03,2D
62472214,3,ExtraTreesRegressor,0.0,0.0,"[0.0, 0.0, 0.0]","[""2026-07-16"", ""2026-07-17"", ""2026-07-18""]",Excellent,1,NaiveLastValue,66.0,2026-07-15 14:03,3D
62465872,2,ExtraTreesRegressor,0.0,0.0,"[0.0, 0.0]","[""2026-07-16"", ""2026-07-17""]",Excellent,1,NaiveLastValue,66.0,2026-07-15 14:03,2D
62465872,3,ExtraTreesRegressor,0.0,0.0,"[0.0, 0.0, 0.0]","[""2026-07-16"", ""2026-07-17"", ""2026-07-18""]",Excellent,1,NaiveLastValue,66.0,2026-07-15 14:03,3D
62485007,2,ExtraTreesRegressor,0.0,0.0,"[0.0, 0.0]","[""2026-07-16"", ""2026-07-17""]",Excellent,1,NaiveLastValue,66.0,2026-07-15 14:03,2D
62485007,3,ExtraTreesRegressor,0.0,0.0,"[0.0, 0.0, 0.0]","[""2026-07-16"", ""2026-07-17"", ""2026-07-18""]",Excellent,1,NaiveLastValue,66.0,2026-07-15 14:03,3D
62488660,2,ExtraTreesRegressor,0.0,0.0,"[0.0, 0.0]","[""2026-07-16"", ""2026-07-17""]",Excellent,1,NaiveLastValue,66.0,2026-07-15 14:03,2D
62488660,3,ExtraTreesRegressor,0.0,0.0,"[0.0, 0.0, 0.0]","[""2026-07-16"", ""2026-07-17"", ""2026-07-18""]",Excellent,1,NaiveLastValue,66.0,2026-07-15 14:03,3D
62485008,2,RandomForestRegressor,0.0,0.0,"[0.0, 0.0]","[""2026-07-16"", ""2026-07-17""]",Excellent,1,NaiveLastValue,66.0,2026-07-15 14:03,2D
62485008,3,RandomForestRegressor,0.0,0.0,"[0.0, 0.0, 0.0]","[""2026-07-16"", ""2026-07-17"", ""2026-07-18""]",Excellent,1,NaiveLastValue,66.0,2026-07-15 14:03,3D
62488661,2,ExtraTreesRegressor,0.0,0.0,"[0.0, 0.0]","[""2026-07-16"", ""2026-07-17""]",Excellent,1,NaiveLastValue,66.0,2026-07-15 14:03,2D
62488661,3,ExtraTreesRegressor,0.0,0.0,"[0.0, 0.0, 0.0]","[""2026-07-16"", ""2026-07-17"", ""2026-07-18""]",Excellent,1,NaiveLastValue,66.0,2026-07-15 14:03,3D
62488663,2,ExtraTreesRegressor,0.0,0.0,"[0.0, 0.0]","[""2026-07-16"", ""2026-07-17""]",Excellent,1,NaiveLastValue,66.0,2026-07-15 14:03,2D
62488663,3,ExtraTreesRegressor,0.0,0.0,"[0.0, 0.0, 0.0]","[""2026-07-16"", ""2026-07-17"", ""2026-07-18""]",Excellent,1,NaiveLastValue,66.0,2026-07-15 14:03,3D
62488662,2,ExtraTreesRegressor,0.0,0.0,"[0.0, 0.0]","[""2026-07-16"", ""2026-07-17""]",Excellent,1,NaiveLastValue,66.0,2026-07-15 14:03,2D
62488662,3,ExtraTreesRegressor,0.0,0.0,"[0.0, 0.0, 0.0]","[""2026-07-16"", ""2026-07-17"", ""2026-07-18""]",Excellent,1,NaiveLastValue,66.0,2026-07-15 14:03,3D
62491908,2,ExtraTreesRegressor,0.0,0.0,"[0.0, 0.0]","[""2026-07-16"", ""2026-07-17""]",Excellent,1,NaiveLastValue,66.0,2026-07-15 14:03,2D
62491908,3,ExtraTreesRegressor,0.0,0.0,"[0.0, 0.0, 0.0]","[""2026-07-16"", ""2026-07-17"", ""2026-07-18""]",Excellent,1,NaiveLastValue,66.0,2026-07-15 14:03,3D
62491874,2,RandomForestRegressor,0.0,0.0,"[0.0, 0.0]","[""2026-07-16"", ""2026-07-17""]",Excellent,1,NaiveLastValue,66.0,2026-07-15 14:03,2D
62491874,3,RandomForestRegressor,0.0,0.0,"[0.0, 0.0, 0.0]","[""2026-07-16"", ""2026-07-17"", ""2026-07-18""]",Excellent,1,NaiveLastValue,66.0,2026-07-15 14:03,3D
62491879,2,RandomForestRegressor,0.0,0.0,"[0.0, 0.0]","[""2026-07-16"", ""2026-07-17""]",Excellent,1,NaiveLastValue,66.0,2026-07-15 14:03,2D
62491879,3,RandomForestRegressor,0.0,0.0,"[0.0, 0.0, 0.0]","[""2026-07-16"", ""2026-07-17"", ""2026-07-18""]",Excellent,1,NaiveLastValue,66.0,2026-07-15 14:03,3D
62766887,2,TwoStage_Logistic_Huber,0.0,1.6952391121263018e-22,"[8.476195560631509e-23, 8.476195560631509e-23]","[""2026-07-16"", ""2026-07-17""]",Excellent,1,NaiveLastValue,66.0,2026-07-15 14:03,2D
62766887,3,TwoStage_Logistic_Huber,0.0,2.5428586681894524e-22,"[8.476195560631509e-23, 8.476195560631509e-23, 8.476195560631509e-23]","[""2026-07-16"", ""2026-07-17"", ""2026-07-18""]",Excellent,1,NaiveLastValue,66.0,2026-07-15 14:03,3D
62491911,2,ExtraTreesRegressor,0.0,0.0,"[0.0, 0.0]","[""2026-07-16"", ""2026-07-17""]",Excellent,1,NaiveLastValue,66.0,2026-07-15 14:03,2D
62491911,3,ExtraTreesRegressor,0.0,0.0,"[0.0, 0.0, 0.0]","[""2026-07-16"", ""2026-07-17"", ""2026-07-18""]",Excellent,1,NaiveLastValue,66.0,2026-07-15 14:03,3D
62766888,2,TwoStage_Logistic_Huber,0.0,1.8082550529347204e-22,"[9.041275264673602e-23, 9.041275264673602e-23]","[""2026-07-16"", ""2026-07-17""]",Excellent,1,NaiveLastValue,66.0,2026-07-15 14:03,2D
62766888,3,TwoStage_Logistic_Huber,0.0,2.7123825794020807e-22,"[9.041275264673602e-23, 9.041275264673602e-23, 9.041275264673602e-23]","[""2026-07-16"", ""2026-07-17"", ""2026-07-18""]",Excellent,1,NaiveLastValue,66.0,2026-07-15 14:03,3D
62826087,2,,,,,,No Model,0,,,2026-07-15 14:03,2D
62826087,3,,,,,,No Model,0,,,2026-07-15 14:03,3D
62826088,2,,,,,,No Model,0,,,2026-07-15 14:03,2D
62826088,3,,,,,,No Model,0,,,2026-07-15 14:03,3D
62766889,2,TwoStage_Logistic_Huber,0.0,3.0514304018273423e-22,"[1.5257152009136712e-22, 1.5257152009136712e-22]","[""2026-07-16"", ""2026-07-17""]",Excellent,1,NaiveLastValue,66.0,2026-07-15 14:03,2D
62766889,3,TwoStage_Logistic_Ridge,0.0,4.577145602741013e-22,"[1.5257152009136712e-22, 1.5257152009136712e-22, 1.5257152009136712e-22]","[""2026-07-16"", ""2026-07-17"", ""2026-07-18""]",Excellent,1,NaiveLastValue,66.0,2026-07-15 14:03,3D
62492031,2,ExtraTreesRegressor,0.0,0.0,"[0.0, 0.0]","[""2026-07-16"", ""2026-07-17""]",Excellent,1,NaiveLastValue,66.0,2026-07-15 14:03,2D
62492031,3,ExtraTreesRegressor,0.0,0.0,"[0.0, 0.0, 0.0]","[""2026-07-16"", ""2026-07-17"", ""2026-07-18""]",Excellent,1,NaiveLastValue,66.0,2026-07-15 14:03,3D
62491910,2,RandomForestRegressor,0.0,0.0,"[0.0, 0.0]","[""2026-07-16"", ""2026-07-17""]",Excellent,1,NaiveLastValue,66.0,2026-07-15 14:03,2D
62491910,3,RandomForestRegressor,0.0,0.0,"[0.0, 0.0, 0.0]","[""2026-07-16"", ""2026-07-17"", ""2026-07-18""]",Excellent,1,NaiveLastValue,66.0,2026-07-15 14:03,3D
62491872,2,RandomForestRegressor,0.0,0.0,"[0.0, 0.0]","[""2026-07-16"", ""2026-07-17""]",Excellent,1,NaiveLastValue,66.0,2026-07-15 14:03,2D
62491872,3,RandomForestRegressor,0.0,0.0,"[0.0, 0.0, 0.0]","[""2026-07-16"", ""2026-07-17"", ""2026-07-18""]",Excellent,1,NaiveLastValue,66.0,2026-07-15 14:03,3D
62500219,2,ExtraTreesRegressor,0.0,0.0,"[0.0, 0.0]","[""2026-07-16"", ""2026-07-17""]",Excellent,1,NaiveLastValue,66.0,2026-07-15 14:03,2D
62500219,3,ExtraTreesRegressor,0.0,0.0,"[0.0, 0.0, 0.0]","[""2026-07-16"", ""2026-07-17"", ""2026-07-18""]",Excellent,1,NaiveLastValue,66.0,2026-07-15 14:03,3D
62526863,2,ExtraTreesRegressor,0.0,0.0,"[0.0, 0.0]","[""2026-07-16"", ""2026-07-17""]",Excellent,1,NaiveLastValue,66.0,2026-07-15 14:03,2D
62526863,3,ExtraTreesRegressor,0.0,0.0,"[0.0, 0.0, 0.0]","[""2026-07-16"", ""2026-07-17"", ""2026-07-18""]",Excellent,1,NaiveLastValue,66.0,2026-07-15 14:03,3D
8290076,2,SeasonalNaive_52,85.714,0.0,"[0.0, 0.0]","[""2026-07-16"", ""2026-07-17""]",Unreliable,0,,66.0,2026-07-15 14:03,2D
8290076,3,SeasonalNaive_52,83.333,0.0,"[0.0, 0.0, 0.0]","[""2026-07-16"", ""2026-07-17"", ""2026-07-18""]",Unreliable,0,,66.0,2026-07-15 14:03,3D
700PGS25,2,arima,100.0,0.0016820528743455368,"[0.0008410264371727684, 0.0008410264371727684]","[""2026-07-16"", ""2026-07-17""]",Unreliable,0,,66.0,2026-07-15 14:03,2D
700PGS25,3,NaiveLastValue,100.0,0.0,"[0.0, 0.0, 0.0]","[""2026-07-16"", ""2026-07-17"", ""2026-07-18""]",Unreliable,0,,66.0,2026-07-15 14:03,3D
730626,2,RecentWeightedAverage,89.292,0.0,"[0.0, 0.0]","[""2026-07-16"", ""2026-07-17""]",Unreliable,0,,66.0,2026-07-15 14:03,2D
730626,3,ZeroForecast,100.0,0.0,"[0.0, 0.0, 0.0]","[""2026-07-16"", ""2026-07-17"", ""2026-07-18""]",Unreliable,0,,66.0,2026-07-15 14:03,3D
7458070,2,ADIDA_8,88.356,0.00018169918559091114,"[9.084959279545557e-05, 9.084959279545557e-05]","[""2026-07-16"", ""2026-07-17""]",Unreliable,0,,66.0,2026-07-15 14:03,2D
7458070,3,ZeroForecast,100.0,0.0,"[0.0, 0.0, 0.0]","[""2026-07-16"", ""2026-07-17"", ""2026-07-18""]",Unreliable,0,,66.0,2026-07-15 14:03,3D
700PGSAQ,2,arima,99.997,0.0009756428855603734,"[0.0004878214427801867, 0.0004878214427801867]","[""2026-07-16"", ""2026-07-17""]",Unreliable,0,,66.0,2026-07-15 14:03,2D
700PGSAQ,3,NaiveLastValue,100.0,0.0,"[0.0, 0.0, 0.0]","[""2026-07-16"", ""2026-07-17"", ""2026-07-18""]",Unreliable,0,,66.0,2026-07-15 14:03,3D
7510922,2,NaiveLastValue,70.315,0.0,"[0.0, 0.0]","[""2026-07-16"", ""2026-07-17""]",Poor,0,,66.0,2026-07-15 14:03,2D
7510922,3,ZeroForecast,100.0,0.0,"[0.0, 0.0, 0.0]","[""2026-07-16"", ""2026-07-17"", ""2026-07-18""]",Unreliable,0,,66.0,2026-07-15 14:03,3D
8290131,2,LastNonZero,86.667,9.6,"[4.8, 4.8]","[""2026-07-16"", ""2026-07-17""]",Unreliable,0,,66.0,2026-07-15 14:03,2D
8290131,3,SeasonalNaive_52,86.047,0.0,"[0.0, 0.0, 0.0]","[""2026-07-16"", ""2026-07-17"", ""2026-07-18""]",Unreliable,0,,66.0,2026-07-15 14:03,3D
7510921,2,LastNonZero,84.635,6.492,"[3.246, 3.246]","[""2026-07-16"", ""2026-07-17""]",Unreliable,0,,66.0,2026-07-15 14:03,2D
7510921,3,MovingAverage_8,93.252,0.0,"[0.0, 0.0, 0.0]","[""2026-07-16"", ""2026-07-17"", ""2026-07-18""]",Unreliable,0,,66.0,2026-07-15 14:03,3D
8290133,2,HuberRegressor,100.0,7.214526504733123e-07,"[3.611263297529994e-07, 3.6032632072031294e-07]","[""2026-07-16"", ""2026-07-17""]",Unreliable,0,,66.0,2026-07-15 14:03,2D
8290133,3,HuberRegressor,100.0,1.0809789621609388e-06,"[3.611263297529994e-07, 3.6032632072031294e-07, 3.595263116876266e-07]","[""2026-07-16"", ""2026-07-17"", ""2026-07-18""]",Unreliable,0,,66.0,2026-07-15 14:03,3D
8290140,2,SBA_alpha_01,87.697,1.1936945245853592,"[0.5968472622926796, 0.5968472622926796]","[""2026-07-16"", ""2026-07-17""]",Unreliable,0,,66.0,2026-07-15 14:03,2D
8290140,3,SBA_alpha_01,95.174,1.7905417868780389,"[0.5968472622926796, 0.5968472622926796, 0.5968472622926796]","[""2026-07-16"", ""2026-07-17"", ""2026-07-18""]",Unreliable,0,,66.0,2026-07-15 14:03,3D
8290077,2,HistGradientBoostingRegressor,77.504,0.7594454831567186,"[0.4171406390893287, 0.34230484406738987]","[""2026-07-16"", ""2026-07-17""]",Unreliable,0,,66.0,2026-07-15 14:03,2D
8290077,3,HistGradientBoostingRegressor,85.567,0.7594454831567186,"[0.4171406390893287, 0.34230484406738987, 0.0]","[""2026-07-16"", ""2026-07-17"", ""2026-07-18""]",Unreliable,0,,66.0,2026-07-15 14:03,3D
8290144,2,LastNonZero,80.0,3.5279999999999996,"[1.7639999999999998, 1.7639999999999998]","[""2026-07-16"", ""2026-07-17""]",Unreliable,0,,66.0,2026-07-15 14:03,2D
8290144,3,arima,91.412,2.1081858878316093,"[0.7027286292772031, 0.7027286292772031, 0.7027286292772031]","[""2026-07-16"", ""2026-07-17"", ""2026-07-18""]",Unreliable,0,,66.0,2026-07-15 14:03,3D
8290150,2,SeasonalNaive_52,76.471,0.0,"[0.0, 0.0]","[""2026-07-16"", ""2026-07-17""]",Unreliable,0,,66.0,2026-07-15 14:03,2D
8290150,3,SeasonalNaive_52,73.333,0.0,"[0.0, 0.0, 0.0]","[""2026-07-16"", ""2026-07-17"", ""2026-07-18""]",Poor,0,,66.0,2026-07-15 14:03,3D
8290159,2,ExtraTreesRegressor,84.706,0.0,"[0.0, 0.0]","[""2026-07-16"", ""2026-07-17""]",Unreliable,0,,66.0,2026-07-15 14:03,2D
8290159,3,MovingAverage_4,94.718,0.0,"[0.0, 0.0, 0.0]","[""2026-07-16"", ""2026-07-17"", ""2026-07-18""]",Unreliable,0,,66.0,2026-07-15 14:03,3D
8290221,2,arima,79.596,0.6735656357196065,"[0.33678281785980324, 0.33678281785980324]","[""2026-07-16"", ""2026-07-17""]",Unreliable,0,,66.0,2026-07-15 14:03,2D
8290221,3,arima,90.208,1.0103484535794096,"[0.33678281785980324, 0.33678281785980324, 0.33678281785980324]","[""2026-07-16"", ""2026-07-17"", ""2026-07-18""]",Unreliable,0,,66.0,2026-07-15 14:03,3D
8290240,2,SeasonalNaive_52,70.0,0.0,"[0.0, 0.0]","[""2026-07-16"", ""2026-07-17""]",Poor,0,,66.0,2026-07-15 14:03,2D
8290240,3,RandomForestRegressor,89.158,4.8839999999999995,"[1.5179999999999998, 1.6079999999999999, 1.7579999999999996]","[""2026-07-16"", ""2026-07-17"", ""2026-07-18""]",Unreliable,0,,66.0,2026-07-15 14:03,3D
997842,2,CrostonStyle,100.0,0.8022219617197692,"[0.4011109808598846, 0.4011109808598846]","[""2026-07-16"", ""2026-07-17""]",Unreliable,0,,66.0,2026-07-15 14:03,2D
997842,3,NaiveLastValue,100.0,0.0,"[0.0, 0.0, 0.0]","[""2026-07-16"", ""2026-07-17"", ""2026-07-18""]",Unreliable,0,,66.0,2026-07-15 14:03,3D
8290237,2,ADIDA_8,95.295,7.277563199559566,"[3.638781599779783, 3.638781599779783]","[""2026-07-16"", ""2026-07-17""]",Unreliable,0,,66.0,2026-07-15 14:03,2D
8290237,3,ZeroForecast,100.0,0.0,"[0.0, 0.0, 0.0]","[""2026-07-16"", ""2026-07-17"", ""2026-07-18""]",Unreliable,0,,66.0,2026-07-15 14:03,3D
998196,2,TwoStage_Logistic_Huber,75.833,0.45338829480889564,"[0.20693998137183264, 0.24644831343706297]","[""2026-07-16"", ""2026-07-17""]",Unreliable,0,,66.0,2026-07-15 14:03,2D
998196,3,TwoStage_Logistic_Huber,81.001,0.5471939267070233,"[0.20693998137183264, 0.24644831343706297, 0.09380563189812764]","[""2026-07-16"", ""2026-07-17"", ""2026-07-18""]",Unreliable,0,,66.0,2026-07-15 14:03,3D
999982,2,RandomForestRegressor,53.25,1.5232000000000008,"[0.7616000000000004, 0.7616000000000004]","[""2026-07-16"", ""2026-07-17""]",Fair,0,,66.0,2026-07-15 14:03,2D
999982,3,RandomForestRegressor,72.6,2.284800000000001,"[0.7616000000000004, 0.7616000000000004, 0.7616000000000004]","[""2026-07-16"", ""2026-07-17"", ""2026-07-18""]",Poor,0,,66.0,2026-07-15 14:03,3D
8290243,2,SeasonalNaive_52,76.042,0.0,"[0.0, 0.0]","[""2026-07-16"", ""2026-07-17""]",Unreliable,0,,66.0,2026-07-15 14:03,2D
8290243,3,SeasonalNaive_52,71.681,0.0,"[0.0, 0.0, 0.0]","[""2026-07-16"", ""2026-07-17"", ""2026-07-18""]",Poor,0,,66.0,2026-07-15 14:03,3D
ABFNATUREADULT80,2,ExtraTreesRegressor,0.0,0.0,"[0.0, 0.0]","[""2026-07-16"", ""2026-07-17""]",Excellent,1,NaiveLastValue,66.0,2026-07-15 14:03,2D
ABFNATUREADULT80,3,ExtraTreesRegressor,0.0,0.0,"[0.0, 0.0, 0.0]","[""2026-07-16"", ""2026-07-17"", ""2026-07-18""]",Excellent,1,NaiveLastValue,66.0,2026-07-15 14:03,3D
ABFNATURECAT80,2,ExtraTreesRegressor,0.0,0.0,"[0.0, 0.0]","[""2026-07-16"", ""2026-07-17""]",Excellent,1,NaiveLastValue,66.0,2026-07-15 14:03,2D
ABFNATURECAT80,3,ExtraTreesRegressor,0.0,0.0,"[0.0, 0.0, 0.0]","[""2026-07-16"", ""2026-07-17"", ""2026-07-18""]",Excellent,1,NaiveLastValue,66.0,2026-07-15 14:03,3D
ABFNATUREAE80,2,ExtraTreesRegressor,0.0,0.0,"[0.0, 0.0]","[""2026-07-16"", ""2026-07-17""]",Excellent,1,NaiveLastValue,66.0,2026-07-15 14:03,2D
ABFNATUREAE80,3,ExtraTreesRegressor,0.0,0.0,"[0.0, 0.0, 0.0]","[""2026-07-16"", ""2026-07-17"", ""2026-07-18""]",Excellent,1,NaiveLastValue,66.0,2026-07-15 14:03,3D
8290268,2,MovingAverage_4,78.846,0.0,"[0.0, 0.0]","[""2026-07-16"", ""2026-07-17""]",Unreliable,0,,66.0,2026-07-15 14:03,2D
8290268,3,MovingAverage_4,93.939,0.0,"[0.0, 0.0, 0.0]","[""2026-07-16"", ""2026-07-17"", ""2026-07-18""]",Unreliable,0,,66.0,2026-07-15 14:03,3D
8290219,2,RandomForestRegressor,93.208,4.5360000000000005,"[2.2680000000000002, 2.2680000000000002]","[""2026-07-16"", ""2026-07-17""]",Unreliable,0,,66.0,2026-07-15 14:03,2D
8290219,3,TwoStage_ET_ET,99.702,5.17281525477216,"[1.7277250626428882, 1.727437574693341, 1.7176526174359306]","[""2026-07-16"", ""2026-07-17"", ""2026-07-18""]",Unreliable,0,,66.0,2026-07-15 14:03,3D
900483,2,TwoStage_ET_ET,54.636,1.0730758914279912,"[0.5367028812115877, 0.5363730102164034]","[""2026-07-16"", ""2026-07-17""]",Fair,0,,66.0,2026-07-15 14:03,2D
900483,3,NaiveLastValue,100.0,0.0,"[0.0, 0.0, 0.0]","[""2026-07-16"", ""2026-07-17"", ""2026-07-18""]",Unreliable,0,,66.0,2026-07-15 14:03,3D
ABFPREMIUMCF80,2,ExtraTreesRegressor,0.0,0.0,"[0.0, 0.0]","[""2026-07-16"", ""2026-07-17""]",Excellent,1,NaiveLastValue,66.0,2026-07-15 14:03,2D
ABFPREMIUMCF80,3,ExtraTreesRegressor,0.0,0.0,"[0.0, 0.0, 0.0]","[""2026-07-16"", ""2026-07-17"", ""2026-07-18""]",Excellent,1,NaiveLastValue,66.0,2026-07-15 14:03,3D
ABFNATUREJR80,2,ExtraTreesRegressor,0.0,0.0,"[0.0, 0.0]","[""2026-07-16"", ""2026-07-17""]",Excellent,1,NaiveLastValue,66.0,2026-07-15 14:03,2D
ABFNATUREJR80,3,ExtraTreesRegressor,0.0,0.0,"[0.0, 0.0, 0.0]","[""2026-07-16"", ""2026-07-17"", ""2026-07-18""]",Excellent,1,NaiveLastValue,66.0,2026-07-15 14:03,3D
ABFPREMIUMGF80,2,ExtraTreesRegressor,0.0,0.0,"[0.0, 0.0]","[""2026-07-16"", ""2026-07-17""]",Excellent,1,NaiveLastValue,66.0,2026-07-15 14:03,2D
ABFPREMIUMGF80,3,ExtraTreesRegressor,0.0,0.0,"[0.0, 0.0, 0.0]","[""2026-07-16"", ""2026-07-17"", ""2026-07-18""]",Excellent,1,NaiveLastValue,66.0,2026-07-15 14:03,3D
ABFPREMIUMHIPO80,2,ExtraTreesRegressor,0.0,0.0,"[0.0, 0.0]","[""2026-07-16"", ""2026-07-17""]",Excellent,1,NaiveLastValue,66.0,2026-07-15 14:03,2D
ABFPREMIUMHIPO80,3,ExtraTreesRegressor,0.0,0.0,"[0.0, 0.0, 0.0]","[""2026-07-16"", ""2026-07-17"", ""2026-07-18""]",Excellent,1,NaiveLastValue,66.0,2026-07-15 14:03,3D
ABFPREMIUMSA80,2,ExtraTreesRegressor,0.0,0.0,"[0.0, 0.0]","[""2026-07-16"", ""2026-07-17""]",Excellent,1,NaiveLastValue,66.0,2026-07-15 14:03,2D
ABFPREMIUMSA80,3,ExtraTreesRegressor,0.0,0.0,"[0.0, 0.0, 0.0]","[""2026-07-16"", ""2026-07-17"", ""2026-07-18""]",Excellent,1,NaiveLastValue,66.0,2026-07-15 14:03,3D
873824,2,TwoStage_ET_ET,66.263,17.8379064686416,"[8.918498723192222, 8.919407745449375]","[""2026-07-16"", ""2026-07-17""]",Poor,0,,66.0,2026-07-15 14:03,2D
873824,3,TwoStage_ET_ET,57.824,26.758195713005076,"[8.918498723192222, 8.919407745449375, 8.92028924436348]","[""2026-07-16"", ""2026-07-17"", ""2026-07-18""]",Poor,0,,66.0,2026-07-15 14:03,3D
ABFPREMIUMRGCF80,2,ExtraTreesRegressor,0.0,0.0,"[0.0, 0.0]","[""2026-07-16"", ""2026-07-17""]",Excellent,1,NaiveLastValue,66.0,2026-07-15 14:03,2D
ABFPREMIUMRGCF80,3,ExtraTreesRegressor,0.0,0.0,"[0.0, 0.0, 0.0]","[""2026-07-16"", ""2026-07-17"", ""2026-07-18""]",Excellent,1,NaiveLastValue,66.0,2026-07-15 14:03,3D
AGRIBARAE20,2,arima,99.999,0.096386054745937,"[0.0481930273729685, 0.0481930273729685]","[""2026-07-16"", ""2026-07-17""]",Unreliable,0,,66.0,2026-07-15 14:03,2D
AGRIBARAE20,3,NaiveLastValue,100.0,0.0,"[0.0, 0.0, 0.0]","[""2026-07-16"", ""2026-07-17"", ""2026-07-18""]",Unreliable,0,,66.0,2026-07-15 14:03,3D
AENERGYPETPLUS80,2,TwoStage_ET_ET,97.966,0.00020958308872501573,"[0.00010486845333865065, 0.00010471463538636508]","[""2026-07-16"", ""2026-07-17""]",Unreliable,0,,66.0,2026-07-15 14:03,2D
AENERGYPETPLUS80,3,NaiveLastValue,100.0,0.0,"[0.0, 0.0, 0.0]","[""2026-07-16"", ""2026-07-17"", ""2026-07-18""]",Unreliable,0,,66.0,2026-07-15 14:03,3D
AGRIBARAEPREMIUM20,2,arima,99.999,0.06976201367611552,"[0.03488100683805776, 0.03488100683805776]","[""2026-07-16"", ""2026-07-17""]",Unreliable,0,,66.0,2026-07-15 14:03,2D
AGRIBARAEPREMIUM20,3,NaiveLastValue,100.0,0.0,"[0.0, 0.0, 0.0]","[""2026-07-16"", ""2026-07-17"", ""2026-07-18""]",Unreliable,0,,66.0,2026-07-15 14:03,3D
AGRIBARADULTO20,2,arima,99.989,0.3902791123159888,"[0.1951395561579944, 0.1951395561579944]","[""2026-07-16"", ""2026-07-17""]",Unreliable,0,,66.0,2026-07-15 14:03,2D
AGRIBARADULTO20,3,NaiveLastValue,100.0,0.0,"[0.0, 0.0, 0.0]","[""2026-07-16"", ""2026-07-17"", ""2026-07-18""]",Unreliable,0,,66.0,2026-07-15 14:03,3D
AGRIBARADULTO4,2,arima,99.998,0.0348512297536251,"[0.01742561487681255, 0.01742561487681255]","[""2026-07-16"", ""2026-07-17""]",Unreliable,0,,66.0,2026-07-15 14:03,2D
AGRIBARADULTO4,3,NaiveLastValue,100.0,0.0,"[0.0, 0.0, 0.0]","[""2026-07-16"", ""2026-07-17"", ""2026-07-18""]",Unreliable,0,,66.0,2026-07-15 14:03,3D
AGRIBARGATO4,2,arima,99.996,0.2390374733084612,"[0.1195187366542306, 0.1195187366542306]","[""2026-07-16"", ""2026-07-17""]",Unreliable,0,,66.0,2026-07-15 14:03,2D
AGRIBARGATO4,3,NaiveLastValue,100.0,0.0,"[0.0, 0.0, 0.0]","[""2026-07-16"", ""2026-07-17"", ""2026-07-18""]",Unreliable,0,,66.0,2026-07-15 14:03,3D
AGRIBARJR20,2,arima,99.999,0.061206034212640745,"[0.030603017106320372, 0.030603017106320372]","[""2026-07-16"", ""2026-07-17""]",Unreliable,0,,66.0,2026-07-15 14:03,2D
AGRIBARJR20,3,NaiveLastValue,100.0,0.0,"[0.0, 0.0, 0.0]","[""2026-07-16"", ""2026-07-17"", ""2026-07-18""]",Unreliable,0,,66.0,2026-07-15 14:03,3D
AGRIBARJR4,2,arima,99.999,0.0331325457804039,"[0.01656627289020195, 0.01656627289020195]","[""2026-07-16"", ""2026-07-17""]",Unreliable,0,,66.0,2026-07-15 14:03,2D
AGRIBARJR4,3,NaiveLastValue,100.0,0.0,"[0.0, 0.0, 0.0]","[""2026-07-16"", ""2026-07-17"", ""2026-07-18""]",Unreliable,0,,66.0,2026-07-15 14:03,3D
AHAPPYMEDADULTOSARDINHA70,2,RandomForestRegressor,77.333,0.0,"[0.0, 0.0]","[""2026-07-16"", ""2026-07-17""]",Unreliable,0,,66.0,2026-07-15 14:03,2D
AHAPPYMEDADULTOSARDINHA70,3,ExtraTreesRegressor,87.5,0.0,"[0.0, 0.0, 0.0]","[""2026-07-16"", ""2026-07-17"", ""2026-07-18""]",Unreliable,0,,66.0,2026-07-15 14:03,3D
AGRIVILMIX20,2,arima,99.996,0.29615664430383964,"[0.14807832215191982, 0.14807832215191982]","[""2026-07-16"", ""2026-07-17""]",Unreliable,0,,66.0,2026-07-15 14:03,2D
AGRIVILMIX20,3,HuberRegressor,100.0,0.0,"[0.0, 0.0, 0.0]","[""2026-07-16"", ""2026-07-17"", ""2026-07-18""]",Unreliable,0,,66.0,2026-07-15 14:03,3D
AGRIBARREGULAR20,2,SeasonalNaive_52,75.385,0.0,"[0.0, 0.0]","[""2026-07-16"", ""2026-07-17""]",Unreliable,0,,66.0,2026-07-15 14:03,2D
AGRIBARREGULAR20,3,SeasonalNaive_52,64.706,0.0,"[0.0, 0.0, 0.0]","[""2026-07-16"", ""2026-07-17"", ""2026-07-18""]",Poor,0,,66.0,2026-07-15 14:03,3D
AGUILARAE20,2,arima,99.994,0.2727897207313942,"[0.1363948603656971, 0.1363948603656971]","[""2026-07-16"", ""2026-07-17""]",Unreliable,0,,66.0,2026-07-15 14:03,2D
AGUILARAE20,3,NaiveLastValue,100.0,0.0,"[0.0, 0.0, 0.0]","[""2026-07-16"", ""2026-07-17"", ""2026-07-18""]",Unreliable,0,,66.0,2026-07-15 14:03,3D
AHAPPYAE80,2,TwoStage_RF_Ridge,98.643,0.0003085537702224718,"[0.00015428618438474923, 0.00015426758583772258]","[""2026-07-16"", ""2026-07-17""]",Unreliable,0,,66.0,2026-07-15 14:03,2D
AHAPPYAE80,3,sarima,100.0,0.0,"[0.0, 0.0, 0.0]","[""2026-07-16"", ""2026-07-17"", ""2026-07-18""]",Unreliable,0,,66.0,2026-07-15 14:03,3D
ALIPETADULTOCH20,2,ExtraTreesRegressor,0.0,0.0,"[0.0, 0.0]","[""2026-07-16"", ""2026-07-17""]",Excellent,1,NaiveLastValue,66.0,2026-07-15 14:03,2D
ALIPETADULTOCH20,3,ExtraTreesRegressor,0.0,0.0,"[0.0, 0.0, 0.0]","[""2026-07-16"", ""2026-07-17"", ""2026-07-18""]",Excellent,1,NaiveLastValue,66.0,2026-07-15 14:03,3D
ALIPETADULTOMBVG10,2,NaiveLastValue,100.0,0.0,"[0.0, 0.0]","[""2026-07-16"", ""2026-07-17""]",Unreliable,0,,66.0,2026-07-15 14:03,2D
ALIPETADULTOMBVG10,3,NaiveLastValue,100.0,0.0,"[0.0, 0.0, 0.0]","[""2026-07-16"", ""2026-07-17"", ""2026-07-18""]",Unreliable,0,,66.0,2026-07-15 14:03,3D
ALIMERKAADULTO4,2,TwoStage_Logistic_Ridge,98.405,1.6285816838227966e-08,"[8.144048382624678e-09, 8.141768455603286e-09]","[""2026-07-16"", ""2026-07-17""]",Unreliable,0,,66.0,2026-07-15 14:03,2D
ALIMERKAADULTO4,3,NaiveLastValue,100.0,0.0,"[0.0, 0.0, 0.0]","[""2026-07-16"", ""2026-07-17"", ""2026-07-18""]",Unreliable,0,,66.0,2026-07-15 14:03,3D
ALIPETGATOP20,2,TwoStage_Logistic_Huber,0.0,0.0,"[0.0, 0.0]","[""2026-07-16"", ""2026-07-17""]",Excellent,1,NaiveLastValue,66.0,2026-07-15 14:03,2D
ALIPETGATOP20,3,TwoStage_Logistic_Huber,0.0,0.0,"[0.0, 0.0, 0.0]","[""2026-07-16"", ""2026-07-17"", ""2026-07-18""]",Excellent,1,NaiveLastValue,66.0,2026-07-15 14:03,3D
ALIMERKAADULTO10,2,HistGradientBoostingRegressor,98.321,0.5588090899730582,"[0.2794045449865291, 0.2794045449865291]","[""2026-07-16"", ""2026-07-17""]",Unreliable,0,,66.0,2026-07-15 14:03,2D
ALIMERKAADULTO10,3,NaiveLastValue,100.0,0.0,"[0.0, 0.0, 0.0]","[""2026-07-16"", ""2026-07-17"", ""2026-07-18""]",Unreliable,0,,66.0,2026-07-15 14:03,3D
ALIPETMIX20,2,arima,99.993,0.0369210894106036,"[0.0184605447053018, 0.0184605447053018]","[""2026-07-16"", ""2026-07-17""]",Unreliable,0,,66.0,2026-07-15 14:03,2D
ALIPETMIX20,3,HuberRegressor,99.987,0.0,"[0.0, 0.0, 0.0]","[""2026-07-16"", ""2026-07-17"", ""2026-07-18""]",Unreliable,0,,66.0,2026-07-15 14:03,3D
ALIPETADULTO20,2,TwoStage_ET_ET,32.164,7.552567893648401,"[3.2638591968682538, 4.288708696780147]","[""2026-07-16"", ""2026-07-17""]",Good,0,,66.0,2026-07-15 14:03,2D
ALIPETADULTO20,3,TwoStage_ET_ET,48.953,12.044483288754382,"[3.2638591968682538, 4.288708696780147, 4.4919153951059805]","[""2026-07-16"", ""2026-07-17"", ""2026-07-18""]",Fair,0,,66.0,2026-07-15 14:03,3D
ALIPETGATOMB18,2,arima,99.991,0.047526823236754244,"[0.023763411618377122, 0.023763411618377122]","[""2026-07-16"", ""2026-07-17""]",Unreliable,0,,66.0,2026-07-15 14:03,2D
ALIPETGATOMB18,3,HuberRegressor,100.0,0.0,"[0.0, 0.0, 0.0]","[""2026-07-16"", ""2026-07-17"", ""2026-07-18""]",Unreliable,0,,66.0,2026-07-15 14:03,3D
AMISTADCATMEAT20,2,NaiveLastValue,100.0,0.0,"[0.0, 0.0]","[""2026-07-16"", ""2026-07-17""]",Unreliable,0,,66.0,2026-07-15 14:03,2D
AMISTADCATMEAT20,3,NaiveLastValue,100.0,0.0,"[0.0, 0.0, 0.0]","[""2026-07-16"", ""2026-07-17"", ""2026-07-18""]",Unreliable,0,,66.0,2026-07-15 14:03,3D
AMIGO10,2,HistGradientBoostingRegressor,77.373,4.4434764176460835,"[2.3118992441379995, 2.1315771735080835]","[""2026-07-16"", ""2026-07-17""]",Unreliable,0,,66.0,2026-07-15 14:03,2D
AMIGO10,3,ZeroForecast,100.0,0.0,"[0.0, 0.0, 0.0]","[""2026-07-16"", ""2026-07-17"", ""2026-07-18""]",Unreliable,0,,66.0,2026-07-15 14:03,3D
ALIPETGATOMIX20,2,TwoStage_RF_RF,92.689,13.323032775347297,"[6.658590662867864, 6.664442112479432]","[""2026-07-16"", ""2026-07-17""]",Unreliable,0,,66.0,2026-07-15 14:03,2D
ALIPETGATOMIX20,3,arima,97.075,7.304843202562573,"[2.4349477341875243, 2.4349477341875243, 2.4349477341875243]","[""2026-07-16"", ""2026-07-17"", ""2026-07-18""]",Unreliable,0,,66.0,2026-07-15 14:03,3D
ALIPETGATO20,2,ADIDAStyle_4,62.656,13.221509999999999,"[6.610754999999999, 6.610754999999999]","[""2026-07-16"", ""2026-07-17""]",Poor,0,,66.0,2026-07-15 14:03,2D
ALIPETGATO20,3,TwoStage_RF_Ridge,70.229,25.290953541853078,"[8.4885646517785, 8.612853916430996, 8.189534973643582]","[""2026-07-16"", ""2026-07-17"", ""2026-07-18""]",Poor,0,,66.0,2026-07-15 14:03,3D
ANANDABASICHM18,2,GradientBoostingRegressor,0.0,0.0,"[0.0, 0.0]","[""2026-07-16"", ""2026-07-17""]",Excellent,1,NaiveLastValue,66.0,2026-07-15 14:03,2D
ANANDABASICHM18,3,GradientBoostingRegressor,0.0,0.0,"[0.0, 0.0, 0.0]","[""2026-07-16"", ""2026-07-17"", ""2026-07-18""]",Excellent,1,NaiveLastValue,66.0,2026-07-15 14:03,3D
AMIGO18,2,MovingAverage_8,67.282,2.6729999999999996,"[1.3364999999999998, 1.3364999999999998]","[""2026-07-16"", ""2026-07-17""]",Poor,0,,66.0,2026-07-15 14:03,2D
AMIGO18,3,ZeroForecast,100.0,0.0,"[0.0, 0.0, 0.0]","[""2026-07-16"", ""2026-07-17"", ""2026-07-18""]",Unreliable,0,,66.0,2026-07-15 14:03,3D
AMIGO4,2,GradientBoostingRegressor,70.682,6.224601447939204,"[0.0, 6.224601447939204]","[""2026-07-16"", ""2026-07-17""]",Poor,0,,66.0,2026-07-15 14:03,2D
AMIGO4,3,HistGradientBoostingRegressor,87.798,1.903449918273897,"[0.08099037550137136, 0.385812669748328, 1.4366468730241977]","[""2026-07-16"", ""2026-07-17"", ""2026-07-18""]",Unreliable,0,,66.0,2026-07-15 14:03,3D
ANANDABASICMB18,2,ExtraTreesRegressor,0.0,0.0,"[0.0, 0.0]","[""2026-07-16"", ""2026-07-17""]",Excellent,1,NaiveLastValue,66.0,2026-07-15 14:03,2D
ANANDABASICMB18,3,ExtraTreesRegressor,0.0,0.0,"[0.0, 0.0, 0.0]","[""2026-07-16"", ""2026-07-17"", ""2026-07-18""]",Excellent,1,NaiveLastValue,66.0,2026-07-15 14:03,3D
ANANDABASICMB18LCG,2,NaiveLastValue,100.0,0.0,"[0.0, 0.0]","[""2026-07-16"", ""2026-07-17""]",Unreliable,0,,66.0,2026-07-15 14:03,2D
ANANDABASICMB18LCG,3,NaiveLastValue,100.0,0.0,"[0.0, 0.0, 0.0]","[""2026-07-16"", ""2026-07-17"", ""2026-07-18""]",Unreliable,0,,66.0,2026-07-15 14:03,3D
ANANDABASICMV18LCG,2,NaiveLastValue,100.0,0.0,"[0.0, 0.0]","[""2026-07-16"", ""2026-07-17""]",Unreliable,0,,66.0,2026-07-15 14:03,2D
ANANDABASICMV18LCG,3,NaiveLastValue,100.0,0.0,"[0.0, 0.0, 0.0]","[""2026-07-16"", ""2026-07-17"", ""2026-07-18""]",Unreliable,0,,66.0,2026-07-15 14:03,3D
ANANDABASICMV20JCR,2,NaiveLastValue,100.0,0.0,"[0.0, 0.0]","[""2026-07-16"", ""2026-07-17""]",Unreliable,0,,66.0,2026-07-15 14:03,2D
ANANDABASICMV20JCR,3,NaiveLastValue,100.0,0.0,"[0.0, 0.0, 0.0]","[""2026-07-16"", ""2026-07-17"", ""2026-07-18""]",Unreliable,0,,66.0,2026-07-15 14:03,3D
ANANDAAEMV20HON,2,TwoStage_RF_RF,100.0,0.001139992895213398,"[0.0005705179944706289, 0.0005694749007427692]","[""2026-07-16"", ""2026-07-17""]",Unreliable,0,,66.0,2026-07-15 14:03,2D
ANANDAAEMV20HON,3,NaiveLastValue,100.0,0.0,"[0.0, 0.0, 0.0]","[""2026-07-16"", ""2026-07-17"", ""2026-07-18""]",Unreliable,0,,66.0,2026-07-15 14:03,3D
ANANDAAEMB20PLM,2,arima,99.963,0.30256843233708325,"[0.15128421616854162, 0.15128421616854162]","[""2026-07-16"", ""2026-07-17""]",Unreliable,0,,66.0,2026-07-15 14:03,2D
ANANDAAEMB20PLM,3,NaiveLastValue,100.0,0.0,"[0.0, 0.0, 0.0]","[""2026-07-16"", ""2026-07-17"", ""2026-07-18""]",Unreliable,0,,66.0,2026-07-15 14:03,3D
ANANDAAE18,2,TwoStage_ET_ET,90.273,1.9146350273616248,"[0.9573033829244495, 0.9573316444371753]","[""2026-07-16"", ""2026-07-17""]",Unreliable,0,,66.0,2026-07-15 14:03,2D
ANANDAAE18,3,HuberRegressor,100.0,4.839049360533659e-08,"[1.6130798397812765e-08, 1.6130164535112196e-08, 1.6129530672411628e-08]","[""2026-07-16"", ""2026-07-17"", ""2026-07-18""]",Unreliable,0,,66.0,2026-07-15 14:03,3D
ANANDABASIC18,2,HistGradientBoostingRegressor,73.275,2.86408461882755,"[1.469101811830574, 1.3949828069969763]","[""2026-07-16"", ""2026-07-17""]",Poor,0,,66.0,2026-07-15 14:03,2D
ANANDABASIC18,3,ZeroForecast,100.0,0.0,"[0.0, 0.0, 0.0]","[""2026-07-16"", ""2026-07-17"", ""2026-07-18""]",Unreliable,0,,66.0,2026-07-15 14:03,3D
ANANDABASICMV20PLM,2,arima,99.964,0.2756912792330708,"[0.1378456396165354, 0.1378456396165354]","[""2026-07-16"", ""2026-07-17""]",Unreliable,0,,66.0,2026-07-15 14:03,2D
ANANDABASICMV20PLM,3,NaiveLastValue,100.0,0.0,"[0.0, 0.0, 0.0]","[""2026-07-16"", ""2026-07-17"", ""2026-07-18""]",Unreliable,0,,66.0,2026-07-15 14:03,3D
ARTIFACTCATKITTENMB20,2,ExtraTreesRegressor,0.0,0.0,"[0.0, 0.0]","[""2026-07-16"", ""2026-07-17""]",Excellent,1,NaiveLastValue,66.0,2026-07-15 14:03,2D
ARTIFACTCATKITTENMB20,3,ExtraTreesRegressor,0.0,0.0,"[0.0, 0.0, 0.0]","[""2026-07-16"", ""2026-07-17"", ""2026-07-18""]",Excellent,1,NaiveLastValue,66.0,2026-07-15 14:03,3D
ANANDAGATOMB20HON,2,arima,99.991,0.2119468811221451,"[0.10597344056107255, 0.10597344056107255]","[""2026-07-16"", ""2026-07-17""]",Unreliable,0,,66.0,2026-07-15 14:03,2D
ANANDAGATOMB20HON,3,NaiveLastValue,100.0,0.0,"[0.0, 0.0, 0.0]","[""2026-07-16"", ""2026-07-17"", ""2026-07-18""]",Unreliable,0,,66.0,2026-07-15 14:03,3D
ANANDABASICMB20HON,2,arima,99.983,0.9924158536544245,"[0.49620792682721226, 0.49620792682721226]","[""2026-07-16"", ""2026-07-17""]",Unreliable,0,,66.0,2026-07-15 14:03,2D
ANANDABASICMB20HON,3,HuberRegressor,100.0,0.0,"[0.0, 0.0, 0.0]","[""2026-07-16"", ""2026-07-17"", ""2026-07-18""]",Unreliable,0,,66.0,2026-07-15 14:03,3D
ARTIFACTGATOCARNE10,2,NaiveLastValue,100.0,0.0,"[0.0, 0.0]","[""2026-07-16"", ""2026-07-17""]",Unreliable,0,,66.0,2026-07-15 14:03,2D
ARTIFACTGATOCARNE10,3,NaiveLastValue,100.0,0.0,"[0.0, 0.0, 0.0]","[""2026-07-16"", ""2026-07-17"", ""2026-07-18""]",Unreliable,0,,66.0,2026-07-15 14:03,3D
ANANDAJRMV20HON,2,arima,99.997,0.13502177489922543,"[0.06751088744961271, 0.06751088744961271]","[""2026-07-16"", ""2026-07-17""]",Unreliable,0,,66.0,2026-07-15 14:03,2D
ANANDAJRMV20HON,3,NaiveLastValue,100.0,0.0,"[0.0, 0.0, 0.0]","[""2026-07-16"", ""2026-07-17"", ""2026-07-18""]",Unreliable,0,,66.0,2026-07-15 14:03,3D
ANANDAJR18,2,HistGradientBoostingRegressor,72.774,0.6400296487611404,"[0.3200148243805702, 0.3200148243805702]","[""2026-07-16"", ""2026-07-17""]",Poor,0,,66.0,2026-07-15 14:03,2D
ANANDAJR18,3,HistGradientBoostingRegressor,70.817,0.9600444731417106,"[0.3200148243805702, 0.3200148243805702, 0.3200148243805702]","[""2026-07-16"", ""2026-07-17"", ""2026-07-18""]",Poor,0,,66.0,2026-07-15 14:03,3D
ARTIFACTGATOMIX10,2,Ridge,100.0,0.0,"[0.0, 0.0]","[""2026-07-16"", ""2026-07-17""]",Unreliable,0,,66.0,2026-07-15 14:03,2D
ARTIFACTGATOMIX10,3,NaiveLastValue,100.0,0.0,"[0.0, 0.0, 0.0]","[""2026-07-16"", ""2026-07-17"", ""2026-07-18""]",Unreliable,0,,66.0,2026-07-15 14:03,3D
ANANDAGATO18,2,arima,87.72,1.0753159020422154,"[0.5376579510211077, 0.5376579510211077]","[""2026-07-16"", ""2026-07-17""]",Unreliable,0,,66.0,2026-07-15 14:03,2D
ANANDAGATO18,3,arima,94.595,1.612973853063323,"[0.5376579510211077, 0.5376579510211077, 0.5376579510211077]","[""2026-07-16"", ""2026-07-17"", ""2026-07-18""]",Unreliable,0,,66.0,2026-07-15 14:03,3D
ARTIFACTGATOCARNE20,2,HistGradientBoostingRegressor,94.587,0.0,"[0.0, 0.0]","[""2026-07-16"", ""2026-07-17""]",Unreliable,0,,66.0,2026-07-15 14:03,2D
ARTIFACTGATOCARNE20,3,NaiveLastValue,100.0,0.0,"[0.0, 0.0, 0.0]","[""2026-07-16"", ""2026-07-17"", ""2026-07-18""]",Unreliable,0,,66.0,2026-07-15 14:03,3D
ARTIFACTGATOMIX20,2,sarima,84.682,0.0,"[0.0, 0.0]","[""2026-07-16"", ""2026-07-17""]",Unreliable,0,,66.0,2026-07-15 14:03,2D
ARTIFACTGATOMIX20,3,ZeroForecast,100.0,0.0,"[0.0, 0.0, 0.0]","[""2026-07-16"", ""2026-07-17"", ""2026-07-18""]",Unreliable,0,,66.0,2026-07-15 14:03,3D
ARTIFACTGATOPEIXE20,2,SeasonalNaive_52,70.588,0.0,"[0.0, 0.0]","[""2026-07-16"", ""2026-07-17""]",Poor,0,,66.0,2026-07-15 14:03,2D
ARTIFACTGATOPEIXE20,3,SeasonalNaive_52,55.882,0.0,"[0.0, 0.0, 0.0]","[""2026-07-16"", ""2026-07-17"", ""2026-07-18""]",Poor,0,,66.0,2026-07-15 14:03,3D
