sku,on_hand,allocated,available,n_pallets,source_tag,updated_at
03933P03,1.44,0.0,1.44,9,WES_pallet_snapshot_on_hand_only,2026-07-17 15:11
1000913,3.36,0.0,3.36,21,WES_pallet_snapshot_on_hand_only,2026-07-17 15:11
1000914,3.52,0.0,3.52,22,WES_pallet_snapshot_on_hand_only,2026-07-17 15:11
1470955,0.96,0.0,0.96,6,WES_pallet_snapshot_on_hand_only,2026-07-17 15:11
1470966,0.24,0.0,0.24,4,WES_pallet_snapshot_on_hand_only,2026-07-17 15:11
1470992,1.76,0.0,1.76,11,WES_pallet_snapshot_on_hand_only,2026-07-17 15:11
1471006,2.88,0.0,2.88,18,WES_pallet_snapshot_on_hand_only,2026-07-17 15:11
1665366,0.144,0.0,0.144,4,WES_pallet_snapshot_on_hand_only,2026-07-17 15:11
1665370,0.48,0.0,0.48,8,WES_pallet_snapshot_on_hand_only,2026-07-17 15:11
1665381,0.16,0.0,0.16,1,WES_pallet_snapshot_on_hand_only,2026-07-17 15:11
1836910,15.3,0.0,15.3,51,WES_pallet_snapshot_on_hand_only,2026-07-17 15:11
1836921,0.504,0.0,0.504,12,WES_pallet_snapshot_on_hand_only,2026-07-17 15:11
1836932,8.602,0.0,8.602,54,WES_pallet_snapshot_on_hand_only,2026-07-17 15:11
1857823,3.12,0.0,3.12,13,WES_pallet_snapshot_on_hand_only,2026-07-17 15:11
1857834,0.48,0.0,0.48,8,WES_pallet_snapshot_on_hand_only,2026-07-17 15:11
5900855,0.264,0.0,0.264,8,WES_pallet_snapshot_on_hand_only,2026-07-17 15:11
5912446,1.32,0.0,1.32,22,WES_pallet_snapshot_on_hand_only,2026-07-17 15:11
5913013,23.7,0.0,23.7,79,WES_pallet_snapshot_on_hand_only,2026-07-17 15:11
8290076,9.072,0.0,9.072,28,WES_pallet_snapshot_on_hand_only,2026-07-17 15:11
8290077,0.54,0.0,0.54,9,WES_pallet_snapshot_on_hand_only,2026-07-17 15:11
8290131,0.96,0.0,0.96,4,WES_pallet_snapshot_on_hand_only,2026-07-17 15:11
8290133,2.72,0.0,2.72,17,WES_pallet_snapshot_on_hand_only,2026-07-17 15:11
8290140,4.32,0.0,4.32,27,WES_pallet_snapshot_on_hand_only,2026-07-17 15:11
8290144,0.714,0.0,0.714,17,WES_pallet_snapshot_on_hand_only,2026-07-17 15:11
8290150,5.12,0.0,5.12,32,WES_pallet_snapshot_on_hand_only,2026-07-17 15:11
8290159,0.96,0.0,0.96,16,WES_pallet_snapshot_on_hand_only,2026-07-17 15:11
8290219,0.84,0.0,0.84,14,WES_pallet_snapshot_on_hand_only,2026-07-17 15:11
8290221,1.12,0.0,1.12,7,WES_pallet_snapshot_on_hand_only,2026-07-17 15:11
8290237,0.042,0.0,0.042,1,WES_pallet_snapshot_on_hand_only,2026-07-17 15:11
8290243,0.546,0.0,0.546,13,WES_pallet_snapshot_on_hand_only,2026-07-17 15:11
8290268,0.32,0.0,0.32,2,WES_pallet_snapshot_on_hand_only,2026-07-17 15:11
873824,0.18,0.0,0.18,6,WES_pallet_snapshot_on_hand_only,2026-07-17 15:11
998196,3.52,0.0,3.52,22,WES_pallet_snapshot_on_hand_only,2026-07-17 15:11
999982,4.0,0.0,4.0,25,WES_pallet_snapshot_on_hand_only,2026-07-17 15:11
AGRIBARADULTO4,0.64,0.0,0.64,4,WES_pallet_snapshot_on_hand_only,2026-07-17 15:11
AGRIBARAEPREMIUM20,0.062,0.0,0.062,2,WES_pallet_snapshot_on_hand_only,2026-07-17 15:11
AGRIBARJR4,0.64,0.0,0.64,4,WES_pallet_snapshot_on_hand_only,2026-07-17 15:11
ALIMERKAADULTO4,2.52,0.0,2.52,18,WES_pallet_snapshot_on_hand_only,2026-07-17 15:11
AMIGO10,0.528,0.0,0.528,11,WES_pallet_snapshot_on_hand_only,2026-07-17 15:11
AMIGO18,0.396,0.0,0.396,12,WES_pallet_snapshot_on_hand_only,2026-07-17 15:11
AMIGO4,7.141,0.0,7.141,51,WES_pallet_snapshot_on_hand_only,2026-07-17 15:11
AYALAADULTO18,0.099,0.0,0.099,3,WES_pallet_snapshot_on_hand_only,2026-07-17 15:11
AYALAADULTO4,1.96,0.0,1.96,14,WES_pallet_snapshot_on_hand_only,2026-07-17 15:11
CAMPEAOJR20,0.039,0.0,0.039,1,WES_pallet_snapshot_on_hand_only,2026-07-17 15:11
CAMPEAOMIX4,0.96,0.0,0.96,6,WES_pallet_snapshot_on_hand_only,2026-07-17 15:11
HAPPYADULTO4,0.58,0.0,0.58,4,WES_pallet_snapshot_on_hand_only,2026-07-17 15:11
HAPPYAE10,0.18,0.0,0.18,3,WES_pallet_snapshot_on_hand_only,2026-07-17 15:11
HAPPYAE4,0.48,0.0,0.48,3,WES_pallet_snapshot_on_hand_only,2026-07-17 15:11
HAPPYESTERIL10,0.462,0.0,0.462,10,WES_pallet_snapshot_on_hand_only,2026-07-17 15:11
HAPPYESTERIL2,3.36,0.0,3.36,14,WES_pallet_snapshot_on_hand_only,2026-07-17 15:11
HAPPYESTERIL4,0.16,0.0,0.16,1,WES_pallet_snapshot_on_hand_only,2026-07-17 15:11
HAPPYGATINHOS1.5,1.62,0.0,1.62,5,WES_pallet_snapshot_on_hand_only,2026-07-17 15:11
HAPPYGATO2,4.32,0.0,4.32,18,WES_pallet_snapshot_on_hand_only,2026-07-17 15:11
HAPPYGATOSALMAO10,0.096,0.0,0.096,2,WES_pallet_snapshot_on_hand_only,2026-07-17 15:11
HAPPYGATOSALMAO2,3.84,0.0,3.84,16,WES_pallet_snapshot_on_hand_only,2026-07-17 15:11
HAPPYJR10,0.36,0.0,0.36,6,WES_pallet_snapshot_on_hand_only,2026-07-17 15:11
HAPPYJR4,0.32,0.0,0.32,2,WES_pallet_snapshot_on_hand_only,2026-07-17 15:11
HAPPYMEDADULTOSARDINHA12,0.663,0.0,0.663,17,WES_pallet_snapshot_on_hand_only,2026-07-17 15:11
HAPPYMEDADULTOSARDINHA3,0.64,0.0,0.64,4,WES_pallet_snapshot_on_hand_only,2026-07-17 15:11
HAPPYMEDGATO2,0.6,0.0,0.6,3,WES_pallet_snapshot_on_hand_only,2026-07-17 15:11
HAPPYMEDGATO7,0.12,0.0,0.12,2,WES_pallet_snapshot_on_hand_only,2026-07-17 15:11
HAPPYMEDGFBORREGO12,0.507,0.0,0.507,13,WES_pallet_snapshot_on_hand_only,2026-07-17 15:11
HAPPYMEDGFBORREGO3,0.48,0.0,0.48,3,WES_pallet_snapshot_on_hand_only,2026-07-17 15:11
HAPPYMEDJR12,0.819,0.0,0.819,21,WES_pallet_snapshot_on_hand_only,2026-07-17 15:11
HAPPYMEDJR3,0.64,0.0,0.64,4,WES_pallet_snapshot_on_hand_only,2026-07-17 15:11
HAPPYMIX4,0.48,0.0,0.48,3,WES_pallet_snapshot_on_hand_only,2026-07-17 15:11
HAPPYRP2,2.4,0.0,2.4,10,WES_pallet_snapshot_on_hand_only,2026-07-17 15:11
HAPPYRP4,0.48,0.0,0.48,3,WES_pallet_snapshot_on_hand_only,2026-07-17 15:11
HAPPYSENIOR10,0.096,0.0,0.096,2,WES_pallet_snapshot_on_hand_only,2026-07-17 15:11
HAPPYSENIOR4,0.8,0.0,0.8,5,WES_pallet_snapshot_on_hand_only,2026-07-17 15:11
HPREMIUMADULTOHIPO12,0.468,0.0,0.468,12,WES_pallet_snapshot_on_hand_only,2026-07-17 15:11
HPREMIUMCF12,0.117,0.0,0.117,3,WES_pallet_snapshot_on_hand_only,2026-07-17 15:11
HPREMIUMGF12,0.351,0.0,0.351,9,WES_pallet_snapshot_on_hand_only,2026-07-17 15:11
HPREMIUMINSETO10,0.16,0.0,0.16,4,WES_pallet_snapshot_on_hand_only,2026-07-17 15:11
HPREMIUMINSETO4,0.315,0.0,0.315,3,WES_pallet_snapshot_on_hand_only,2026-07-17 15:11
HPREMIUMLIGHTSENIORCF15,0.273,0.0,0.273,7,WES_pallet_snapshot_on_hand_only,2026-07-17 15:11
HPREMIUMRGCF12,0.936,0.0,0.936,24,WES_pallet_snapshot_on_hand_only,2026-07-17 15:11
HPREMIUMSA15,0.078,0.0,0.078,2,WES_pallet_snapshot_on_hand_only,2026-07-17 15:11
JACKPETORIGINAL10,0.336,0.0,0.336,7,WES_pallet_snapshot_on_hand_only,2026-07-17 15:11
JACKPETORIGINAL18,0.924,0.0,0.924,28,WES_pallet_snapshot_on_hand_only,2026-07-17 15:11
SKU551,0.534,0.0,0.534,3,WES_pallet_snapshot_on_hand_only,2026-07-17 15:11
SKU567,0.067,0.0,0.067,1,WES_pallet_snapshot_on_hand_only,2026-07-17 15:11
SKU776,0.268,0.0,0.268,4,WES_pallet_snapshot_on_hand_only,2026-07-17 15:11
SKU884,0.147,0.0,0.147,6,WES_pallet_snapshot_on_hand_only,2026-07-17 15:11
