sku,n_days_history,updated_at
000966587,956,2026-07-16 16:14
0061171,855,2026-07-16 16:14
02033464,936,2026-07-16 16:14
02135041,412,2026-07-16 16:14
0213874,1180,2026-07-16 16:14
0213875,1181,2026-07-16 16:14
0213876,1125,2026-07-16 16:14
0213877,1191,2026-07-16 16:14
0213878,1125,2026-07-16 16:14
0213879,1190,2026-07-16 16:14
0213880,1058,2026-07-16 16:14
0213881,1210,2026-07-16 16:14
0213882,1210,2026-07-16 16:14
0213883,1191,2026-07-16 16:14
0213888,1068,2026-07-16 16:14
0213889,1208,2026-07-16 16:14
0213890,1208,2026-07-16 16:14
0213891,1210,2026-07-16 16:14
0214170,687,2026-07-16 16:14
0214171,566,2026-07-16 16:14
02153311,19,2026-07-16 16:14
02153322,19,2026-07-16 16:14
0215988,1216,2026-07-16 16:14
0258255,683,2026-07-16 16:14
0270218,566,2026-07-16 16:14
0282700,295,2026-07-16 16:14
0282703,291,2026-07-16 16:14
0282704,300,2026-07-16 16:14
0282709,291,2026-07-16 16:14
0282710,291,2026-07-16 16:14
0282711,291,2026-07-16 16:14
0282712,300,2026-07-16 16:14
0282713,291,2026-07-16 16:14
0282714,295,2026-07-16 16:14
0294622,306,2026-07-16 16:14
0302582,111,2026-07-16 16:14
0302583,111,2026-07-16 16:14
03930S10,301,2026-07-16 16:14
03931S18,307,2026-07-16 16:14
03932S15,308,2026-07-16 16:14
03933P03,301,2026-07-16 16:14
03933S15,301,2026-07-16 16:14
1000911,97,2026-07-16 16:14
1000913,144,2026-07-16 16:14
1000914,144,2026-07-16 16:14
104PMS25,1224,2026-07-16 16:14
104PMSAQ,1224,2026-07-16 16:14
115PGS25,1204,2026-07-16 16:14
115PGSAQ,1065,2026-07-16 16:14
11925,1190,2026-07-16 16:14
11972,1091,2026-07-17 13:17
11975,1135,2026-07-17 13:17
11976,896,2026-07-17 13:17
11977,986,2026-07-17 13:17
11978,1135,2026-07-17 13:17
11979,1135,2026-07-17 13:17
120PFS25,1224,2026-07-17 13:17
120PFSAQ,1152,2026-07-17 13:17
120PGS25,1098,2026-07-17 13:17
120PGSAQ,1182,2026-07-17 13:17
120PMS25,250,2026-07-17 13:17
144PGS25,1182,2026-07-17 13:17
144PGSAQ,1224,2026-07-17 13:17
1470955,438,2026-07-17 13:17
1470966,467,2026-07-17 13:17
1470992,371,2026-07-17 13:17
1471006,166,2026-07-17 13:17
1471010,165,2026-07-17 13:17
1665366,1218,2026-07-17 13:17
1665370,1195,2026-07-17 13:17
1665381,1218,2026-07-17 13:17
1836910,991,2026-07-17 13:17
1836921,1218,2026-07-17 13:17
1836932,1218,2026-07-17 13:17
1857823,425,2026-07-17 13:17
1857834,510,2026-07-17 13:17
1872344,92,2026-07-17 13:17
5758590,1225,2026-07-17 13:17
5781163,1225,2026-07-17 13:17
5900855,1225,2026-07-17 13:17
5909591,1225,2026-07-17 13:17
5912446,897,2026-07-17 13:17
5913013,29,2026-07-17 13:17
6040248,1225,2026-07-17 13:17
6040363,1225,2026-07-17 13:17
6040447,1225,2026-07-17 13:17
6040544,1223,2026-07-17 13:17
6059538,1225,2026-07-17 13:17
6059551,1225,2026-07-17 13:17
6059623,1225,2026-07-17 13:17
6059624,1225,2026-07-17 13:17
6059625,1225,2026-07-17 13:17
6059635,1225,2026-07-17 13:17
62358816,1195,2026-07-17 13:17
62358817,1195,2026-07-17 13:17
62358818,1195,2026-07-17 13:17
62358819,1195,2026-07-17 13:17
62358820,1195,2026-07-17 13:17
62374173,1167,2026-07-17 13:17
62377319,1149,2026-07-17 13:17
62380041,1149,2026-07-17 13:17
62386229,1132,2026-07-17 13:17
62386230,1132,2026-07-17 13:17
62392849,1110,2026-07-17 13:17
62395661,1103,2026-07-17 13:17
62403877,1089,2026-07-17 13:17
62411601,1054,2026-07-17 13:17
62411602,1054,2026-07-17 13:17
62455363,942,2026-07-17 13:17
62462134,928,2026-07-17 13:17
62462135,928,2026-07-17 13:17
62462136,928,2026-07-17 13:17
62462141,928,2026-07-17 13:17
62465871,918,2026-07-17 13:17
62465872,918,2026-07-17 13:17
62472212,900,2026-07-17 13:17
62472213,900,2026-07-17 13:17
62472214,900,2026-07-17 13:17
62485007,852,2026-07-17 13:17
62485008,860,2026-07-17 13:17
62488660,844,2026-07-17 13:17
62488661,844,2026-07-17 13:17
62488662,844,2026-07-17 13:17
62488663,844,2026-07-17 13:17
62491872,838,2026-07-17 13:17
62491874,838,2026-07-17 13:17
62491879,838,2026-07-17 13:17
62491908,838,2026-07-17 13:17
62491910,838,2026-07-17 13:17
62491911,832,2026-07-17 13:17
62492031,838,2026-07-17 13:17
62500219,810,2026-07-17 13:17
62526863,729,2026-07-17 13:17
62766887,144,2026-07-17 13:17
62766888,144,2026-07-17 13:17
62766889,144,2026-07-17 13:17
62826087,19,2026-07-17 13:17
62826088,12,2026-07-17 13:17
700PGS25,1182,2026-07-17 13:17
700PGSAQ,1182,2026-07-17 13:17
730626,1225,2026-07-17 13:17
7458070,1209,2026-07-17 13:17
7510921,1225,2026-07-17 13:17
7510922,1225,2026-07-17 13:17
8290076,449,2026-07-17 13:17
8290077,425,2026-07-17 13:17
8290131,341,2026-07-17 13:17
8290133,341,2026-07-17 13:17
8290140,414,2026-07-17 13:17
8290144,420,2026-07-17 13:17
8290150,418,2026-07-17 13:17
8290159,341,2026-07-17 13:17
8290219,407,2026-07-17 13:17
8290221,351,2026-07-17 13:17
8290237,438,2026-07-17 13:17
8290240,453,2026-07-17 13:17
8290243,330,2026-07-17 13:17
8290268,405,2026-07-17 13:17
873824,1217,2026-07-17 13:17
900483,1225,2026-07-17 13:17
997842,99,2026-07-17 13:17
998196,144,2026-07-17 13:17
999982,141,2026-07-17 13:17
ABFNATUREADULT80,978,2026-07-17 13:17
ABFNATUREAE80,978,2026-07-17 13:17
ABFNATURECAT80,978,2026-07-17 13:17
ABFNATUREJR80,978,2026-07-17 13:17
ABFPREMIUMCF80,978,2026-07-17 13:17
ABFPREMIUMGF80,978,2026-07-17 13:17
ABFPREMIUMHIPO80,978,2026-07-17 13:17
ABFPREMIUMRGCF80,978,2026-07-17 13:17
ABFPREMIUMSA80,978,2026-07-17 13:17
AENERGYPETPLUS80,1083,2026-07-17 13:17
AGRIBARADULTO20,1210,2026-07-17 13:17
AGRIBARADULTO4,1104,2026-07-17 13:17
AGRIBARAE20,1222,2026-07-17 13:17
AGRIBARAEPREMIUM20,1222,2026-07-17 13:17
AGRIBARGATO4,1210,2026-07-17 13:17
AGRIBARJR20,1006,2026-07-17 13:17
AGRIBARJR4,1006,2026-07-17 13:17
AGRIBARREGULAR20,1222,2026-07-17 13:17
AGRIVILMIX20,1203,2026-07-17 13:17
AGUILARAE20,945,2026-07-17 13:17
AHAPPYAE80,1208,2026-07-17 13:17
AHAPPYMEDADULTOSARDINHA70,1159,2026-07-17 13:17
ALIMERKAADULTO10,369,2026-07-17 13:17
ALIMERKAADULTO4,330,2026-07-17 13:17
ALIPETADULTO20,1225,2026-07-17 13:17
ALIPETADULTOCH20,756,2026-07-17 13:17
ALIPETADULTOMBVG10,403,2026-07-17 13:17
ALIPETGATO20,1225,2026-07-17 13:17
ALIPETGATOMB18,1189,2026-07-17 13:17
ALIPETGATOMIX20,972,2026-07-17 13:17
ALIPETGATOP20,440,2026-07-17 13:17
ALIPETMIX20,972,2026-07-17 13:17
AMIGO10,560,2026-07-17 13:17
AMIGO18,560,2026-07-17 13:17
AMIGO4,539,2026-07-17 13:17
AMISTADCATMEAT20,1155,2026-07-17 13:17
ANANDAAE18,1077,2026-07-17 13:17
ANANDAAEMB20PLM,582,2026-07-17 13:17
ANANDAAEMV20HON,706,2026-07-17 13:17
ANANDABASIC18,1099,2026-07-17 13:17
ANANDABASICHM18,343,2026-07-17 13:17
ANANDABASICMB18,971,2026-07-17 13:17
ANANDABASICMB18LCG,207,2026-07-17 13:17
ANANDABASICMB20HON,706,2026-07-17 13:17
ANANDABASICMV18LCG,146,2026-07-17 13:17
ANANDABASICMV20JCR,116,2026-07-17 13:17
ANANDABASICMV20PLM,582,2026-07-17 13:17
ANANDAGATO18,708,2026-07-17 13:17
ANANDAGATOMB20HON,706,2026-07-17 13:17
ANANDAJR18,700,2026-07-17 13:17
ANANDAJRMV20HON,706,2026-07-17 13:17
ARTIFACTCATKITTENMB20,412,2026-07-17 13:17
ARTIFACTGATOCARNE10,1152,2026-07-17 13:17
ARTIFACTGATOCARNE20,1204,2026-07-17 13:17
ARTIFACTGATOMIX10,1152,2026-07-17 13:17
ARTIFACTGATOMIX20,1224,2026-07-17 13:17
ARTIFACTGATOPEIXE20,1218,2026-07-17 13:17
ARTIFACTMANUTENCAO18,785,2026-07-17 13:17
ARTIFACTMANUTENCAO20,1218,2026-07-17 13:17
ARTIFACTMIX20,812,2026-07-17 13:17
AVICANADULTO20,1222,2026-07-17 13:17
AVICANADULTOMIX20,1085,2026-07-17 13:17
AVICANAE20,1075,2026-07-17 13:17
AVICANGATO20,1222,2026-07-17 13:17
AVICANJR20,1085,2026-07-17 13:17
AYALAADULTO18,392,2026-07-17 13:17
AYALAADULTO4,362,2026-07-17 13:17
BALAAE20,57,2026-07-17 13:17
BALAAEMB20,218,2026-07-17 13:17
BALICAT18,1168,2026-07-17 13:17
BALICATPAL18,1002,2026-07-17 13:17
BENCATFISH2,1191,2026-07-17 13:17
BENCATMEAT2,1191,2026-07-17 13:17
BENCATMIX2,1191,2026-07-17 13:17
BENDOGCOMP2.5,1191,2026-07-17 13:17
BENMAINTMIX2.5,1191,2026-07-17 13:17
CAMPEAOADULTO20,1225,2026-07-17 13:17
CAMPEAOADULTO20A,55,2026-07-17 13:17
CAMPEAOADULTO4,1225,2026-07-17 13:17
CAMPEAOADULTO4A,55,2026-07-17 13:17
CAMPEAOADULTOMV20,1216,2026-07-17 13:17
CAMPEAOADULTOMV20PG,784,2026-07-17 13:17
CAMPEAOADULTOOVO20,1224,2026-07-17 13:17
CAMPEAOADULTOOVO20A,48,2026-07-17 13:17
CAMPEAOADULTOP20,442,2026-07-17 13:17
CAMPEAOADULTOP4,428,2026-07-17 13:17
CAMPEAOADULTOR20,153,2026-07-17 13:17
CAMPEAOAE20,1225,2026-07-17 14:02
CAMPEAOAE20A,48,2026-07-17 14:02
CAMPEAOAEMB20,1216,2026-07-17 14:02
CAMPEAOAEMB20DA,791,2026-07-17 14:02
CAMPEAOAEMB20PG,795,2026-07-17 14:02
CAMPEAOAEMB20PLM,767,2026-07-17 14:02
CAMPEAOBASIC15,1224,2026-07-17 14:02
CAMPEAOBASIC15A,48,2026-07-17 14:02
CAMPEAOESTERIL10,585,2026-07-17 14:02
CAMPEAOESTERIL20,581,2026-07-17 14:02
CAMPEAOESTERIL4,586,2026-07-17 14:02
CAMPEAOGATO1.5,1225,2026-07-17 14:02
CAMPEAOGATO10,1225,2026-07-17 14:02
CAMPEAOGATO18,1219,2026-07-17 14:02
CAMPEAOGATO18A,48,2026-07-17 14:02
CAMPEAOGATOSC1.5,1121,2026-07-17 14:02
CAMPEAOGATOSC10,1173,2026-07-17 14:02
CAMPEAOGATOSC18,931,2026-07-17 14:02
CAMPEAOJR20,1225,2026-07-17 14:02
CAMPEAOJR20A,55,2026-07-17 14:02
CAMPEAOJR4,1225,2026-07-17 14:02
CAMPEAOJR4A,55,2026-07-17 14:02
CAMPEAOJRP4,431,2026-07-17 14:02
CAMPEAOMIX20,1225,2026-07-17 14:02
CAMPEAOMIX20A,48,2026-07-17 14:02
CAMPEAOMIX4,1225,2026-07-17 14:02
CAMPEAOMIX4A,48,2026-07-17 14:02
CAMPEAORP4,586,2026-07-17 14:02
CANARIOS20,1204,2026-07-17 14:02
CANARIOS5,1065,2026-07-17 14:02
CARPICAN20,147,2026-07-17 14:02
CATURRAS20,1204,2026-07-17 14:02
CATURRAS5,1152,2026-07-17 14:02
CIPRIDOGAE20D,1161,2026-07-17 14:02
COOPERSAE20,1210,2026-07-17 14:02
COOPERSAEMB20,377,2026-07-17 14:02
COOPERSBASIC20,1210,2026-07-17 14:02
COOPERSBASICMIX20,1181,2026-07-17 14:02
COOPERSDOGSALMONRICE20MB,81,2026-07-17 14:02
COOPERSGATOAMISTAD20,902,2026-07-17 14:02
COOPERSGATOCARNE20,1210,2026-07-17 14:02
COOPERSGATOMIX20,1218,2026-07-17 14:02
COOPERSGATOMIX20V,385,2026-07-17 14:02
COOPERSGATOMIX4,1175,2026-07-17 14:02
COOPERSGATOPEIXE20,1177,2026-07-17 14:02
COOPERSJR20,1204,2026-07-17 14:02
COOPERSJR4,1177,2026-07-17 14:02
COOPERSJRMV20,377,2026-07-17 14:02
COOPERSMANUTENCAO20,1050,2026-07-17 14:02
DEKRAAE10,475,2026-07-17 14:02
DEKRAPUPPY4,475,2026-07-17 14:02
DIACOBASIC18,1183,2026-07-17 14:02
DIVINUSADULT20,1223,2026-07-17 14:02
DIVINUSADULT20V,28,2026-07-17 14:02
DIVINUSADULTMIX20,1183,2026-07-17 14:02
DIVINUSADULTMIX20D,46,2026-07-17 14:02
DIVINUSCATCHICKEN10,307,2026-07-17 14:02
DIVINUSCOMPLETE20,1225,2026-07-17 14:02
DIVINUSCOMPLETE20V,28,2026-07-17 14:02
DIVINUSESTERIL10,1222,2026-07-17 14:02
DIVINUSESTERIL2,1208,2026-07-17 14:02
DIVINUSESTERIL2V,28,2026-07-17 14:02
DIVINUSFLAVOURCATCR18,629,2026-07-17 14:02
DIVINUSFLAVOURCATCR18V,28,2026-07-17 14:02
DIVINUSFLAVOURCATSR18,629,2026-07-17 14:02
DIVINUSFLAVOURCATSR18V,28,2026-07-17 14:02
DIVINUSFLAVOURDOGLR18,631,2026-07-17 14:02
DIVINUSFLAVOURDOGSR18,631,2026-07-17 14:02
DIVINUSGATINHOS2,1225,2026-07-17 14:02
DIVINUSGATINHOS2V,28,2026-07-17 14:02
DIVINUSGATOCARNE2,1223,2026-07-17 14:02
DIVINUSGATOCARNE20,1222,2026-07-17 14:02
DIVINUSGATOCARNE20V,385,2026-07-17 14:02
DIVINUSGATOCARNE2V,28,2026-07-17 14:02
DIVINUSGATOCOMPDOMUS20,1203,2026-07-17 14:02
DIVINUSGATOCOMPLETE2,1225,2026-07-17 14:02
DIVINUSGATOCOMPLETE20,1225,2026-07-17 14:02
DIVINUSGATOCOMPLETE20V,28,2026-07-17 14:02
DIVINUSGATOCOMPLETE2V,28,2026-07-17 14:02
DIVINUSGATOCOMPLETE7,1223,2026-07-17 14:02
DIVINUSGATOCOMPLETEMB20,426,2026-07-17 14:02
DIVINUSGATOPEIXE2,1223,2026-07-17 14:02
DIVINUSGATOPEIXE20,1222,2026-07-17 14:02
DIVINUSGATOPEIXE20V,28,2026-07-17 14:02
DIVINUSGATOPEIXE2V,28,2026-07-17 14:02
DIVINUSJR4,1223,2026-07-17 14:02
DIVINUSJR4V,28,2026-07-17 14:02
DIVINUSMINI10,1225,2026-07-17 14:02
DIVINUSMINI4,1208,2026-07-17 14:02
DIVINUSPERFORMANCE10,1023,2026-07-17 14:02
DIVINUSPERFORMANCE20,1225,2026-07-17 14:02
DIVINUSPERFORMANCEMB20,419,2026-07-17 14:02
DIVINUSPUPPY20,1225,2026-07-17 14:02
DIVINUSPUPPY20V,28,2026-07-17 14:02
DOMUSADULTO20,1225,2026-07-17 14:02
DOMUSADULTO20A,57,2026-07-17 14:02
DOMUSADULTO4,1224,2026-07-17 14:02
DOMUSADULTO4A,55,2026-07-17 14:02
DOMUSAE20,1225,2026-07-17 14:02
DOMUSAE20A,55,2026-07-17 14:02
DOMUSAE4,1209,2026-07-17 14:02
DOMUSGATO1.5,1225,2026-07-17 14:02
DOMUSGATO20,1225,2026-07-17 14:02
DOMUSJR20,1225,2026-07-17 14:02
DOMUSJR20A,57,2026-07-17 14:02
DOMUSJR4,1225,2026-07-17 14:02
DOMUSJR4A,55,2026-07-17 14:02
DOMUSMIX20,1225,2026-07-17 14:02
DOMUSMIX4,1225,2026-07-17 14:02
ENERGYPETAE20,1225,2026-07-17 14:02
ENERGYPETBASIC20,1218,2026-07-17 14:02
ENERGYPETBASIC4,1216,2026-07-17 14:02
ENERGYPETGATO10,1225,2026-07-17 14:02
ENERGYPETGATO2,1216,2026-07-17 14:02
ENERGYPETGATO20,250,2026-07-17 14:02
ENERGYPETJR10,29,2026-07-17 14:02
ENERGYPETJR20,1219,2026-07-17 14:02
ENERGYPETJR20A,8,2026-07-17 14:02
ENERGYPETJR4,1216,2026-07-17 14:02
ENERGYPETJR4A,8,2026-07-17 14:02
ENERGYPETPLUS10,18,2026-07-17 14:02
ENERGYPETPLUS20,1225,2026-07-17 14:02
ENERGYPETPLUS20A,8,2026-07-17 14:02
ENERGYPETPLUS4,1216,2026-07-17 14:02
ENERGYPETPLUSP20,427,2026-07-17 14:02
EXOTICOS5,259,2026-07-17 14:02
FELLOWADULTO12,1169,2026-07-17 14:02
FELLOWJR12,1169,2026-07-17 14:02
FIPALCAOADULTO20,662,2026-07-17 14:02
FRANGOSGRS25,250,2026-07-17 14:02
FRANGOSMGS25,301,2026-07-17 14:02
GALACERAE20,742,2026-07-17 14:02
GALACERMANTENIMIENTO20,742,2026-07-17 14:02
GALINHASFRSAQ,118,2026-07-17 14:02
GALINHASGRSAQ,118,2026-07-17 14:02
GALINHASMGS25,914,2026-07-17 14:02
GALINHASMGSAQ,118,2026-07-17 14:02
GARPIADULTO20,1149,2026-07-17 14:02
GARPIADULTO3,965,2026-07-17 14:02
GARPICATFISH20,470,2026-07-17 14:02
GARPICATMEAT20,1217,2026-07-17 14:02
GARPICATMIX20,1217,2026-07-17 14:02
GARPIDOG20,1217,2026-07-17 14:02
GARPIDOGAE20,1217,2026-07-17 14:02
GARPIDOGJR20,1149,2026-07-17 14:02
GARPIDOGMIX20,1217,2026-07-17 14:02
GARPIGATO18,1149,2026-07-17 14:02
GOLIGATOADULTO18,105,2026-07-17 14:02
HAPPYADULTO10,1225,2026-07-17 14:02
HAPPYADULTO18,1225,2026-07-17 14:02
HAPPYADULTO4,1225,2026-07-17 14:02
HAPPYADULTO7.5,1225,2026-07-17 14:02
HAPPYAE10,1225,2026-07-17 14:02
HAPPYAE18,1225,2026-07-17 14:02
HAPPYAE4,1225,2026-07-17 14:02
HAPPYESTERIL10,1225,2026-07-17 14:02
HAPPYESTERIL2,1225,2026-07-17 14:02
HAPPYESTERIL4,1203,2026-07-17 14:02
HAPPYGATINHOS1.5,1225,2026-07-17 14:02
HAPPYGATO10,1225,2026-07-17 14:02
HAPPYGATO2,1225,2026-07-17 14:02
HAPPYGATOSALMAO10,1225,2026-07-17 14:02
HAPPYGATOSALMAO2,1225,2026-07-17 14:02
HAPPYJR10,1225,2026-07-17 14:02
HAPPYJR18,1225,2026-07-17 14:02
HAPPYJR4,1225,2026-07-17 14:02
HAPPYMEDADULTO12,1225,2026-07-17 14:02
HAPPYMEDADULTO3,1224,2026-07-17 14:02
HAPPYMEDADULTOSARDINHA12,1224,2026-07-17 14:02
HAPPYMEDADULTOSARDINHA3,1218,2026-07-17 14:02
HAPPYMEDESTERIL1,1203,2026-07-17 14:02
HAPPYMEDESTERIL2,897,2026-07-17 14:02
HAPPYMEDESTERIL3,1224,2026-07-17 14:02
HAPPYMEDESTERIL6,69,2026-07-17 14:02
HAPPYMEDESTERIL7,1218,2026-07-17 14:02
HAPPYMEDESTERILSARDINHA2,372,2026-07-17 14:02
HAPPYMEDESTERILSARDINHA3,1224,2026-07-17 14:02
HAPPYMEDESTERILSARDINHA7,1218,2026-07-17 14:02
HAPPYMEDGATINHOS1,1218,2026-07-17 14:02
HAPPYMEDGATINHOS2,1043,2026-07-17 14:02
HAPPYMEDGATO1,1181,2026-07-17 14:02
HAPPYMEDGATO2,470,2026-07-17 14:02
HAPPYMEDGATO3,1224,2026-07-17 14:02
HAPPYMEDGATO7,1201,2026-07-17 14:02
HAPPYMEDGATOSENIOR3,1204,2026-07-17 14:02
HAPPYMEDGFBORREGO12,1224,2026-07-17 14:02
HAPPYMEDGFBORREGO3,1219,2026-07-17 14:02
HAPPYMEDJR12,1224,2026-07-17 14:02
HAPPYMEDJR3,1224,2026-07-17 14:02
HAPPYMEDLIGHTSENIOR12,1219,2026-07-17 14:02
HAPPYMEDLIGHTSENIOR3,1218,2026-07-17 14:02
HAPPYMEDRP3,1218,2026-07-17 14:02
HAPPYMEDRP6,151,2026-07-17 14:02
HAPPYMEDRP7,1219,2026-07-17 14:02
HAPPYMEDRPSARDINHA3,1203,2026-07-17 14:02
HAPPYMEDRPSARDINHA7,1209,2026-07-17 14:02
HAPPYMIX10,1105,2026-07-17 14:02
HAPPYMIX18,1225,2026-07-17 14:02
HAPPYMIX4,1222,2026-07-17 14:02
HAPPYRP2,1225,2026-07-17 14:02
HAPPYRP4,1225,2026-07-17 15:11
HAPPYSENIOR10,1225,2026-07-17 15:11
HAPPYSENIOR4,1225,2026-07-17 15:11
HAPPYSILICA3.8,1222,2026-07-17 15:11
HAPPYSILICA6,1217,2026-07-17 15:11
HIPERCAT2,1222,2026-07-17 15:11
HIPERCAT20,1222,2026-07-17 15:11
HIPERDOG20,1135,2026-07-17 15:11
HIPERDOG3.5,1135,2026-07-17 15:11
HPREMIUMADULTOHIPO12,348,2026-07-17 15:11
HPREMIUMADULTOHIPO15,1224,2026-07-17 15:11
HPREMIUMADULTOHIPO4,1218,2026-07-17 15:11
HPREMIUMCF12,586,2026-07-17 15:11
HPREMIUMCF15,1224,2026-07-17 15:11
HPREMIUMCF4,1218,2026-07-17 15:11
HPREMIUMCFESTERIL1.5,1218,2026-07-17 15:11
HPREMIUMCFESTERIL10,1218,2026-07-17 15:11
HPREMIUMGATINHOSCF1.5,1218,2026-07-17 15:11
HPREMIUMGATOLIGHTSENIOR1.5,1218,2026-07-17 15:11
HPREMIUMGATOSALMAO1.5,1218,2026-07-17 15:11
HPREMIUMGF12,788,2026-07-17 15:11
HPREMIUMGF15,1224,2026-07-17 15:11
HPREMIUMGF4,1224,2026-07-17 15:11
HPREMIUMINSETO10,824,2026-07-17 15:11
HPREMIUMINSETO4,824,2026-07-17 15:11
HPREMIUMJRCF12,497,2026-07-17 15:11
HPREMIUMJRCF15,1219,2026-07-17 15:11
HPREMIUMJRCF4,1201,2026-07-17 15:11
HPREMIUMLIGHTSENIORCF15,1225,2026-07-17 15:11
HPREMIUMLIGHTSENIORCF4,1218,2026-07-17 15:11
HPREMIUMRGCF12,561,2026-07-17 15:11
HPREMIUMRGCF15,1224,2026-07-17 15:11
HPREMIUMRGCF4,1218,2026-07-17 15:11
HPREMIUMRPCF10,1218,2026-07-17 15:11
HPREMIUMRPCF4,1224,2026-07-17 15:11
HPREMIUMSA15,1224,2026-07-17 15:11
HPREMIUMSA4,1224,2026-07-17 15:11
IFSADULTOMIX12,468,2026-07-17 15:11
IFSADULTOMIX20,1197,2026-07-17 15:11
IFSAE15,1197,2026-07-17 15:11
IFSGATO20,1197,2026-07-17 15:11
IFSJR12,1197,2026-07-17 15:11
IFSJR4,1029,2026-07-17 15:11
JACKPETADULTO20,1177,2026-07-17 15:11
JACKPETADULTO4,1175,2026-07-17 15:11
JACKPETAP20,1177,2026-07-17 15:11
JACKPETGATO20,1177,2026-07-17 15:11
JACKPETGATO4,1175,2026-07-17 15:11
JACKPETGATOMIX20,1028,2026-07-17 15:11
JACKPETJR20,1177,2026-07-17 15:11
JACKPETJR4,1175,2026-07-17 15:11
JACKPETMIX20,1028,2026-07-17 15:11
JACKPETORIGINAL10,595,2026-07-17 15:11
JACKPETORIGINAL18,637,2026-07-17 15:11
JAGERELITE18,664,2026-07-17 15:11
JAGERELITE20,1188,2026-07-17 15:11
JAGERENERGY18,669,2026-07-17 15:11
JAGERENERGY20,1208,2026-07-17 15:11
LACUNICANADULTO12,82,2026-07-17 15:11
LACUNICANJR12,82,2026-07-17 15:11
LAMARCAADULTO20,826,2026-07-17 15:11
LAMARCAAE20,627,2026-07-17 15:11
LOYALPETADULTO20,1223,2026-07-17 15:11
LOYALPETAE20,1223,2026-07-17 15:11
LOYALPETGATO20D,510,2026-07-17 15:11
LOYALPETGATOMIX20,1223,2026-07-17 15:11
LOYALPETJR20,1223,2026-07-17 15:11
LOYALPETJR20D,1103,2026-07-17 15:11
LOYALPETMIX20,1216,2026-07-17 15:11
LOYALPETMIX20D,1103,2026-07-17 15:11
MERCOPLUSORIGINALGATO15,397,2026-07-17 15:11
MERCOPLUSORIGINALGATO4,397,2026-07-17 15:11
MERCOPLUSPREMIUMADULT15,397,2026-07-17 15:11
MERCOPLUSPREMIUMJR15,397,2026-07-17 15:11
MERCOPLUSPREMIUMJR4,397,2026-07-17 15:11
MERCOPLUSPRESTIGE15,1194,2026-07-17 15:11
MIGCATSUP10,1170,2026-07-17 15:11
MIGCATSUP18,203,2026-07-17 15:11
MIGCATSUP20,1212,2026-07-17 15:11
MIGCATSUPFISH20,777,2026-07-17 15:11
MIGCATSUPMEAT10,825,2026-07-17 15:11
MIGCATSUPMEAT20,1212,2026-07-17 15:11
MIGHE18,119,2026-07-17 15:11
MIGHE20,1208,2026-07-17 15:11
MIGMAINT20,1208,2026-07-17 15:11
MIGMAINTMIX20,1103,2026-07-17 15:11
MIGMAINTPLUS20,1197,2026-07-17 15:11
MIGPUP20,1197,2026-07-17 15:11
MISTAVESTOPS25,1224,2026-07-17 15:11
MISTAVESTOPS5,1224,2026-07-17 15:11
MISTCOETOPS5,1182,2026-07-17 15:11
MISTURACOES5,994,2026-07-17 15:11
NATBUDDYCATMEATMB20,942,2026-07-17 15:11
NUTRICHANCECAOGF15,973,2026-07-17 15:11
NUTRICHANCECAOGF4,973,2026-07-17 15:11
NUTRICROKADULTO20D,1187,2026-07-17 15:11
NUTRICROKAE20D,1168,2026-07-17 15:11
P00011,1142,2026-07-17 15:11
P00012,1142,2026-07-17 15:11
P00013,1142,2026-07-17 15:11
P00014,1142,2026-07-17 15:11
P00015,1142,2026-07-17 15:11
P00016,1142,2026-07-17 15:11
P00017,1140,2026-07-17 15:11
P00018,1138,2026-07-17 15:11
P00019,1140,2026-07-17 15:11
P00020,1140,2026-07-17 15:11
P00021,1140,2026-07-17 15:11
P00022,1140,2026-07-17 15:11
P00023,1140,2026-07-17 15:11
PALANTEADULTO20,175,2026-07-17 15:11
PALANTEADULTO4,152,2026-07-17 15:11
PALANTEAE20,175,2026-07-17 15:11
PALANTEAE20HURTO,1,2026-07-17 15:11
PALANTEGATO20,175,2026-07-17 15:11
PALANTEGATO20HURTO,1,2026-07-17 15:11
PALANTEGATO4,152,2026-07-17 15:11
PALANTEJR20,175,2026-07-17 15:11
PALANTEJR4,152,2026-07-17 15:11
PAPAGAIOS15,1065,2026-07-17 15:11
PAPAGAIOS3,57,2026-07-17 15:11
PAPAGAIOS5,259,2026-07-17 15:11
PERIQUITOS20,1204,2026-07-17 15:11
PERIQUITOS5,1065,2026-07-17 15:11
PETFLD1001,1119,2026-07-17 15:11
PETFLD1002,1219,2026-07-17 15:11
PETFLD1003,1189,2026-07-17 15:11
PETFLD1004,1188,2026-07-17 15:11
PETFLD1004E,314,2026-07-17 15:11
PETFLD1005,1181,2026-07-17 15:11
PETFLD1005E,314,2026-07-17 15:11
PETFLD2001,1188,2026-07-17 15:11
PETFLD2002,1217,2026-07-17 15:11
PETFLD2011,1189,2026-07-17 15:11
PETFLD2012,1217,2026-07-17 15:11
PETFLD2021,1189,2026-07-17 15:11
PETFLD2022,1225,2026-07-17 15:11
PETFLD2031,1188,2026-07-17 15:11
PETFLD2032,1189,2026-07-17 15:11
PETFLD2041,1181,2026-07-17 15:11
PETFLD2042,1225,2026-07-17 15:11
PETFLD2051,1189,2026-07-17 15:11
PETFLD2052,1189,2026-07-17 15:11
PETZEZEREADULTO15,1225,2026-07-17 15:11
PETZEZEREADULTO18,22,2026-07-17 15:11
PETZINGATOCARNE20,1096,2026-07-17 15:11
PETZINGATOCARNEMIX20,1086,2026-07-17 15:11
PETZINGATOPEIXE20,1086,2026-07-17 15:11
PILEUADULTO20,1204,2026-07-17 15:11
PINTOSMGSAQ,301,2026-07-17 15:11
PONGOADULT4,649,2026-07-17 15:11
QUINTATILIASMBAE20,1155,2026-07-17 15:11
RACAOMB12,538,2026-07-17 15:11
RACAOMB20,1211,2026-07-17 15:11
ROTDOGMB20,13,2026-07-17 15:11
ROTDOGSV20,1195,2026-07-17 15:11
RUFIAADULTO20,1225,2026-07-17 15:11
RUFIAADULTO20A,62,2026-07-17 15:11
RUFIAADULTO4,1225,2026-07-17 15:11
RUFIAADULTO4A,34,2026-07-17 15:11
RUFIAADULTOP4,431,2026-07-17 15:11
RUFIAAE20,1225,2026-07-17 15:11
RUFIAAE20A,62,2026-07-17 15:11
RUFIAESTERIL10,575,2026-07-17 15:11
RUFIAESTERIL20,585,2026-07-17 15:11
RUFIAESTERIL20A,62,2026-07-17 15:11
RUFIAESTERIL4,575,2026-07-17 15:11
RUFIAGATO1.5,1225,2026-07-17 15:11
RUFIAGATO10,1225,2026-07-17 15:11
RUFIAGATO20,313,2026-07-17 15:11
RUFIAGATOMB20ANI,662,2026-07-17 15:11
RUFIAGATOMBSC20ANI,547,2026-07-17 15:11
RUFIAGATOSC1.5,872,2026-07-17 15:11
RUFIAGATOSC10,1047,2026-07-17 15:11
RUFIAGATOSC20,322,2026-07-17 15:11
RUFIAJR20,1225,2026-07-17 15:11
RUFIAJR20A,62,2026-07-17 15:11
RUFIAJR4,1225,2026-07-17 15:11
RUFIAJR4A,62,2026-07-17 15:11
RUFIAMIX20,1225,2026-07-17 15:11
RUFIAMIX20A,62,2026-07-17 15:11
RUFIAMIX4,1225,2026-07-17 15:11
RUFIAMIX4A,34,2026-07-17 15:11
RUFIARP4,585,2026-07-17 15:11
SETCAT20,677,2026-07-17 15:11
SETDOGMB20,812,2026-07-17 15:11
SHBORREGO100,1197,2026-07-17 15:11
SHFRANGO100,1189,2026-07-17 15:11
SHGATOFRANGO50,1145,2026-07-17 15:11
SHGATOSALMAOATUM50,1161,2026-07-17 15:11
SHGATOSARDINHA50,1169,2026-07-17 15:11
SHJR100,1189,2026-07-17 15:11
SHMEDADULTOBOVA190,1197,2026-07-17 15:11
SHMEDADULTOFRPE190,1188,2026-07-17 15:11
SHMEDADULTOSARDINHA190,1188,2026-07-17 15:11
SHPREMIUMBORREGO100,1224,2026-07-17 15:11
SHPREMIUMFRANGO100,1196,2026-07-17 15:11
SHPREMIUMGATOFRANGO50,1163,2026-07-17 15:11
SHPREMIUMGATOSALMAOATUM50,1195,2026-07-17 15:11
SHPREMIUMGATOSARDINHA50,1163,2026-07-17 15:11
SHPREMIUMJR100,1203,2026-07-17 15:11
SHPREMIUMSA100,1224,2026-07-17 15:11
SHSA100,1161,2026-07-17 15:11
SINGAGATO20,510,2026-07-17 15:11
SINGAGATOMIX20,1224,2026-07-17 15:11
SUMICOOPADULTO20,1197,2026-07-17 15:11
SUMICOOPAE20,1197,2026-07-17 15:11
SUMICOOPJR20,1197,2026-07-17 15:11
UNAP230818,888,2026-07-17 15:11
UNAP230820,854,2026-07-17 15:11
UNAP230821,854,2026-07-17 15:11
UNAP230822,796,2026-07-17 15:11
UNAP230823,796,2026-07-17 15:11
UNAP230824,888,2026-07-17 15:11
UNAP230825,796,2026-07-17 15:11
VITAKEADULTO12,217,2026-07-17 15:11
VITAKERG15,559,2026-07-17 15:11
VITALCAN20,1070,2026-07-17 15:11
VITALCAT20,1070,2026-07-17 15:11
ZIRCAOADULTO18,621,2026-07-17 15:11
ZIRCAOADULTO4,553,2026-07-17 15:11
ZIRCAOAE18,686,2026-07-17 15:11
ZMIXLABOURMELS25,1209,2026-07-17 15:11
ZMIXPROMELS25,1209,2026-07-17 15:11
ZMIXPROOLEOS25,1189,2026-07-17 15:11
ZMIXSTANDARDMELS25,1209,2026-07-17 15:11
ZORRO-01-1,481,2026-07-17 15:11
ZORRO-01-1E,329,2026-07-17 15:11
ZORRO-01-2,1210,2026-07-17 15:11
ZORRO-01-2E,329,2026-07-17 15:11
ZORRO-01-3E,329,2026-07-17 15:11
ZORRO-02-1,1148,2026-07-17 15:11
ZORRO-02-1E,329,2026-07-17 15:11
ZORROGATOMIX20,6,2026-07-17 15:11
